address,amount,tx,status
0x33F59D02Cc09D4318ad87616F3f06e5346961FE5,11914.893617021276440937,0x5807bfa757db1bb312d88ad9599d004cd38dd5275abdfb4fcd9d6882ab50cdb7,sent
0xA4462a668a35a78B7bc13c6a1B10588450EAb873,11914.893617021276440937,0xe5031b97f8ac0043d14100195d8c6fc8260b1f9eb896e7aea737b06d506e6424,sent
0x4B3D04a5f8aB2Fc61BDf7d18D896AA08D0A2948a,11914.893617021276440937,0x8df175849b6ead7dae02d441533eb384268ec4a58ba07ebac81556feeb6ade14,sent
0xbE30009D6b1dF277e944081B84e30Ba8658E70e9,11914.893617021276440937,0x291d389b0e229e81eab51ab89eb7bb7f5b13eafdcf520bd122d554e35d7ff327,sent
0x404D4E35188F4a6B50e4542e0F56e474E045A1CC,11914.893617021276440937,0x115ec6a9bd664bb7e7fe20ef7f2b3d0a9b3d877a6e24b0f8b3aa475d3620fe38,sent
0x6C52259aA617a89AaBdb651b64006a0C9691664F,11914.893617021276440937,0xbec3a3bca4f87f948999a6b78d6d28c7074a6a94d2fa77de40335b46d81f0a17,sent
0x3d53B4497ce883223CE8C05D99E7C1b12A1756A0,11914.893617021276440937,0x34cfb7e15fc6c46f074ba7ecba6762e0b8ac3655b7476495598ec28ab07c89ea,sent
0x31f760455E2dE5d50d2F4367AC171E1ebfF27EfB,11914.893617021276440937,0xe8e64a86474e245d324f3b7552dca510803645315ecbafb3fef52f860d3d738e,sent
0xac8C30A99A7F0b3202Ae494ae86fcbDdFacaa1aA,11914.893617021276440937,0x235f8d864d392645dc1795878ced1953799b158d39650b82374600a443525141,sent
0xecf0EF7B8C85FF2Ed0aDFc5aca10162697bd1A18,11914.893617021276440937,0x0241174f5cbf94b4572b9c5783bca84d8018457901cab0c3facb5fa454bda1ea,sent
0x4f9CAf3Da8596A0660e3A74E8C60dB50a7A3b6e4,11914.893617021276440937,0x31a8c866a38c5ccc2df863eb0b932b91034fe5fac2f68969f3af53d12521e097,sent
0x7FA883762Fc3e6a8736Da827b6c6775a4d0BE40a,11914.893617021276440937,0x8e6befc3e7b3973baf624e8ead19a2efbdc19c55667d8150fe8027c594230204,sent
0x7AF60A0555276Fd50c0109Af193f2EdfCf37a1f9,11914.893617021276440937,0x2d0915d4afedb5f76e6c8b98052e66a98227f5918c2b435d2e46e20d9b4c6945,sent
0xdA4A6F37cC67c903e25b6FE474d03789f9227B71,11914.893617021276440937,0xf3edad7521531f675c2d24f4146cbb32310c57d69fd2cfac46b774a682cd1f79,sent
0x1231418D058a8E4aeA306bFD3376C31010bE9fAA,11914.893617021276440937,0xf54d961b51a500a6a0700a900965152a0a12f9233581d7204335cb2f75bd5d2a,sent
0x457d4814DC53dcE41d70B80b939a084815f0799d,11914.893617021276440937,0x82d095fa6eac0986ef2f02488e9aac9e7241e939ce09e9580b2c771c2336d052,sent
0xcb0777B074FF94e0a2F27364F0E8E893AB4E0a99,11914.893617021276440937,0xd3c83c9770e0ff2d960fe9fb34247c8a2525099b6b5c5085e66b5bde940b2d1e,sent
0x2619B4B87eEAaaFFc34299a04f6Ddef39583376F,11914.893617021276440937,0xca3959cf242f3f44c3adc94d81b896310fddf77894a2d3268f41a66ab0cc4dd0,sent
0x9D2FeF4a561c8d926f43fc93e5523d26ce0DDfD1,11914.893617021276440937,0x95e22df62296d2283767a083aeb55ec410b7bcd7db46b0d7118f660568513cac,sent
0x491b1f264c8eD5348Ac5B463AecEA0e9d014c137,11914.893617021276440937,0x19177bc8009cb56e79d8e1f5e0359a832d835e9808a62b4a28a8946f4e0170c5,sent
0xf0C9D37961a2d10fc68189D34B13af75325FA3a1,11914.893617021276440937,0x1120aa15361bec1586cde0a8dacce6040836dfd764f5c1d91cff8ded1d948c09,sent
0xFdd62Fe5F701A78FBE45841FB1F33B4AA0D13Ce4,11914.893617021276440937,0xe7769f2e17c7fee1f88326679bcd7460c8be2fca6d92f7adbeef9d94ead58120,sent
0xAf3C5cc37544E64A0467C428cDE78ea4aD34C0aA,11914.893617021276440937,0x5092f524751fb6d6000280ab672acc83d7de4bb98d07a28878e1d1fc330ef725,sent
0xdE863A9787194320787e88Ef669d484d12a38bF4,11914.893617021276440937,0xf659947f7417fe76423bf2af2e96eaf377316a83ba987e14eecd19646e0875be,sent
0x30A86b35531080Df7AC80567ad0Ad7dfeb922cdD,11914.893617021276440937,0x6b671dccc36a93551fd73435a2318648f3d7c111d6c3df1a94739ac739c324e8,sent
0x9635C7F095A1E2A802b16292b05959b5e31dc2C9,11914.893617021276440937,0xb22480b68657f1f426ec3addd9179746ceaa58f9ac06626c96a6b36fff0095ff,sent
0x9Ca3E060725d91C28eb2fa6b3Ab4535af947817c,11914.893617021276440937,0xb3fdccf80bcb22108f1c8a9b6d3bd66f013646a336ca30985b0fe2b5100cc898,sent
0x8c3aD00c41dc4b65C8A23d31a703E59F64a644F9,11914.893617021276440937,0x5275a3f27e8bfb82d7297390109de05e6ce60b10bb2f1d252098652ed8b1064b,sent
0x774CC8869EC78965Bb21D2320b457d6b61C06bB9,11914.893617021276440937,0x1ce94a7cf4fbb5a6f5b8161ed31dfb99ec766d33126ad572028c52b0d79200fa,sent
0x8bB9947C62eCEf42C9d4EB455c89B5B1F45D81Ed,11914.893617021276440937,0x290ec67dad7f8b1154a8121cdb27a0fc77877898240d329352c94ec4ae28ed09,sent
0x641604d57D58e31b9538F2889d32d86a52Da5B4E,11914.893617021276440937,0x3b426763fae5ffc3e78dab3463873dfb8df14e47758a29142d62176dbbc28f4e,sent
0x9C71cbEdAA3D47a557c73E8c50Ef31831EebBDbf,11914.893617021276440937,0x5b324fdadf625221370bf0d4bfb42017830f65336d0e34bf0610a7138f2506e7,sent
0x6d0598b44F03f1B2cbE5EFc9a7EebB34a808e7bD,11914.893617021276440937,0xf5d3e1e7301b5d9235c2253b7d6039a13a6fe4506dee703bda9b9d14c6370f25,sent
0xF3DDE244C3E38db5f6Bb5DDc492f13fA22eb9F74,11914.893617021276440937,0x8fdda837ee12036aa1440c310d50c1179df19c74376a35a519d94eb30acb4316,sent
0xfca9618AdeF571ca5271954751f67Deed0b1a572,11914.893617021276440937,0xb65464021b40bc48a64a9d0ffcbf139d6dcb56def0a725e1ee41c9ba140212f0,sent
0x423E35ef82B18F3098B36B4A2127Fc3782e3C31f,11914.893617021276440937,0x1f190b34a0303ef2bfb6f9ac6830baca99df199f46fc91e815c81fc8e9519afd,sent
0x0E08E839B9f57E957BDeDc0a0b56534219712C96,11914.893617021276440937,0x609d146d1eb1515b41141a029ec75076b9e4e048be74cda739a3ed866ea78eb3,sent
0x34b1aC33a4FA4EC488c2E176da8d139F8fB30F06,11914.893617021276440937,0xbc5b0210f4affcd592b2753f6dcf99ce1c72e28d8964ecb0e8203329984fb2b6,sent
0xB9D21F90c8b69E4e0c6F15d986E56353EC4A9Ae7,11914.893617021276440937,0x251688e07200130848935111ea75b45438d54c5e6fe1bf57ca7efcc2a68e876f,sent
0xA4212F12B5645341cf1490abF63a6BC1d836bE70,11914.893617021276440937,0x22a125cc8cb1e23683a0c5435e80d0985d52d1df59e0d4a4637627104ec000b6,sent
0xbd87208D8365aaF4F6c361378ca4cEBaf4D3220c,11914.893617021276440937,0x3a5245c58366d46504856a448854440164be8c169ae71c9983da0df750073978,sent
0x97d983309357dbB0EfC5c7f8b6d60b7985EC3455,11914.893617021276440937,0x832eb4492984439aad21883d3a3af4d9a4192078e4d8bb85e22dc96bc1093a3d,sent
0x1f7896eBc6816e4848c95ACc34FE8eeE5Ac383e6,11914.893617021276440937,0xff8048571463738fc519b58223bea4334c1e2dd7093042302bc28a036f3e3608,sent
0xf4652110b3CEEC190cB615aFf139B869Ce799500,11914.893617021276440937,0xa6373d575c4294369d0b106c6dc269ffc2fd5614b88668026b9dbd0adb6c13ac,sent
0x643f6CE609c801a9847c700678B8210193e302c0,11914.893617021276440937,0x61304909ac5c79677d604682a67329a57ed79f6d88d13bf0065bc1b843cd70f8,sent
0xd190c58A07F4Eacea772b3FC3d07296AC5C43574,11914.893617021276440937,0xb89ccac113bfcf01dc6dfe430088d47c0398682b5c4c4c15fb5201782b06d8af,sent
0x365c5176DD1F2A8c1fD6Bd66eCc7387e03c69cE0,11914.893617021276440937,0xc4efa0f6958ca9b2bd56f86e190ead9facc6b44e8adddf819133b68d6a60bcbe,sent
0x9fF587DC0FC7DB03e29874248E1966cA3b59108f,11914.893617021276440937,0x18f804b703903548b7e56df777b4476a88bbbd15328dabba38ee483899beadc6,sent
0x8FD4E6bB7e4dEc5ABB79e6EC88FBAc05526C5d58,11914.893617021276440937,0x960d85d9d0fbb55c3a187161ac14c6c54b84bc77d95b31830afd5e80a3e8ca9a,sent
0x2aC56019c3055d3a1b328668404993c370DA6281,11914.893617021276440937,0x9eabde3ee60ce644e6b342a77ec89d506126402887319aa5a25d56bde4e6e76f,sent
0x756B90f3496A3b70E642031b4641C11E310105C7,11914.893617021276440937,0xf52764479b74dfbac78acee823adb3a68040939dafd41d83004fe2e1eb20e048,sent
0x7ffe089dF89a10E75Eb68c455A79775Ce2214efb,11914.893617021276440937,0x2d76e4eb8b0224d8e2c4b0fa8e8b93769a1e8af496db8146935acaa9289cfc81,sent
0x5e7064DfdC6953b670e3b0C8bEf18Db4C01f0b9C,11914.893617021276440937,0xce5f18374e25e87118f94167af94b9af823c0b7753bcdf6dc16e5e3271228183,sent
0xA94c76026ae3b78670c982042a734F2e47d3006A,11914.893617021276440937,0x4d01c2fbc69fafec09a3b9331444eb0bf42c0a39ff1d367aee215c989d78237b,sent
0xdB1a7E8Fd324E4D4a2E2349F26e838E7e03dd9bf,11914.893617021276440937,0xc54306880bd70ce2b869ed30ebc18abd8068694344d0bc22865adb454d1ec524,sent
0xdDC44BFb09A0d071Cdaa212D12F83E72a05f50c1,11914.893617021276440937,0xb8af2601773b657fc16a3defbb4fc779dc6727fe71fbcab3e26ad7e29a1c6371,sent
0xA1454943822c2fE03eaE278081e7D83CA13e1dCf,11914.893617021276440937,0xcf62a97af62626dd0d39fbe43a5c60413e2949c0b91452fccc088aa94b146d7e,sent
0xA22Be79bf011c2529Cf9627C4c1791FE61704D3c,11914.893617021276440937,0x1ae34367efc1dc853695a44f3edafeb11dc2c91e3e09a6e79d9f6544507b3b7d,sent
0xA0FB432B55aABFe72b39be3B7eFcFA419d220b23,11914.893617021276440937,0x881b3897c537f928c4a77269fa4050081f7b20d31f7494e5cbc05e6f44221f21,sent
0xf2fDdcc324e52d3ba24fBE379aA534C513c48C12,11914.893617021276440937,0x9f613ccfe61f5821ed239229e63aa1569cfbdee5609de86413a0a871d1198791,sent
0xb8F7c6f2bBc258942D36407fAcA3eaa9125A8534,11914.893617021276440937,0x5f30e07c7884601f0f15dd881c308e5810b28d817d681cb566addf118c6831bc,sent
0x0CDFb39D6c2515f8eD61739ca7A5a2cf7d3fe731,11914.893617021276440937,0x6e667e36cb578ba73b1923bbd1819afe660dacc567852ad321330e9fd473945a,sent
0x70f3A76b3c98E7d3A039c9FD9D224d4F794e38f7,11914.893617021276440937,0x004d71609b9f811974a02ede87f6a17a9486c96add76a25df187ade40ab3e4ad,sent
0x3443d68aF7BC7Dd7b5B3013fbA967622BF7bdAE9,11914.893617021276440937,0x053873f096e8b9152d45c20166a0e7880401317a8b2324af26408fa04da49fa8,sent
0x6D18E9182F7d7EB049648E0bE4e639f2b99E4922,11914.893617021276440937,0x97b45697807f9ea68c71729c31a31763f849195125666dfc44e9acd77e1882ab,sent
0xa29eFb87E94639694cD30dAAeB14Df344aC0E8ff,11914.893617021276440937,0x72e2ae1a0a8f2a64332e705e6ce19e1b2568fda5847450bf848cfde491029123,sent
0x3Cd60FE105765a584502725162F5b068e41e6786,11914.893617021276440937,0x84d39e0b04798fd818b754436098e7acb84f92fc3d1cdd00280b27daf9cd3e5a,sent
0x1E35AA70033264cabF0f9d4D88AC5ceba1Cb796c,11914.893617021276440937,0x7cd81f515082fe3a400e325bf22e0a3eb541a0f3de6bc2faa4362266cba47c3b,sent
0xc29Fe9faA63F46253079e44d16052E4Daecb69F7,11914.893617021276440937,0x034684ade6a13000afa08abbd477a81d4bcf2d6c86d59534444a8c9fd427c9fe,sent
0xE084984386E8Bd200778E558E20d0189A0F4aD3f,11914.893617021276440937,0x6475a1c588f2ca9ee4f516c15ea9acd14d3f27dfdd64cd308ea9670fabf99e66,sent
0xE4B21C996297638b03C99A2885a426e46a473Ac3,11914.893617021276440937,0xbbda4438e4fd577ce09a093ae7a8c8cd667715d183ad2097c7f35753f0a3ac9a,sent
0x8cF2179fA994d8C4c762ad7D8dcC7fDcC7a706E3,11914.893617021276440937,0x13d27a1d772deed2b0ee5145f8a428209e1ceec59adc1428c25579163a8c03cc,sent
0x8A10a9F0FAB9f9e9fE10374a785739114151aF3A,11914.893617021276440937,0x0516ed3b4b80fc89757aac8338b924c246f3d2bdf458d22709552cf3f29d8854,sent
0xc709EfB2BccA4A6c2F1485Db77764879fd518968,11914.893617021276440937,0xc7e84140d87974e0bcc5952ada13581cbde69b5160dd94c6bdb0136da5fb8cad,sent
0x398c23972dF5CeF50ca49f66dAFFbbB95e6B5CaB,11914.893617021276440937,0x9cdfdd78d8f02d9627c16b7e660fd4ce161e1b6a5ad9feed4beed9ed4df66508,sent
0x09488e4352e9b096Dbbbf3f405cF66E6FD752c7d,11914.893617021276440937,0x1ebe4fba642e6bd9a6c316f4332ccb9493d35a29af671458c2ce9a2a5adecbdc,sent
0x376Dd78635F83A4D2E928AA1EFFfe13b7746b5f1,11914.893617021276440937,0x8b2620616d72e33cc2f9077fd9c89809ef6bcb60e2dbddb6aa40775ad84f6f15,sent
0x3c171E66a1740d9F51B719847778540024fCf36E,11914.893617021276440937,0xc2c96f226a9651dcddbd4d16863ae6873661b9fcdf9930357930d3c5d1e86c24,sent
0x2278F357d2c134c2A84502970B02ca30eb6f84a7,11914.893617021276440937,0x38475c0f6595269696de21c52a38530b021c42eae6f4af608feb31d4a8c7e244,sent
0xa7F31FC8b0C0cf0ECeB03090f6f5C33D16676aee,11914.893617021276440937,0xb5502658a92cda00c32065ae5d2fc9e6055cc0cc537b031ba275f56b5ccd33d5,sent
0x41a3cAEFAAF2c2487f750d737c19f3C77f483Fcc,11914.893617021276440937,0x8d9a7736278de69f562c31734772bb2f7bfdca8cc4beac4a62d435950a8e400b,sent
0x5a1bd51183a98fDaFafC026460dEE80BdEF09518,11914.893617021276440937,0x987898aaac90ee4da17252404bdfbefac1523cecb3ac5aa86b6b9a12446732be,sent
0x1C3892fB232A4B05ce31B96a5CB76EDF35da9f45,11914.893617021276440937,0xaf8ea7e9aa44bac87451a900cde908d1cb87dd44b6a40c45fb1f79d1be3b9ed8,sent
0x810dcE6f76BC3C01B1241Be9eCf3FD624D437Df4,11914.893617021276440937,0x180b74990d98bc0a17763c1c046939b4a99e107844de285ee60d1644d1001fa5,sent
0x7d3A71087d994Aa24913bA0cEfc13c251bD1C93b,11914.893617021276440937,0x54bf8d1de69e29bdca227020def318f420f601e5e7abb8f666df6c2b55ea026e,sent
0x36d69cc951f6D33E6aC3e2332c36434ca824F570,11914.893617021276440937,0x691bd6c66fc189e41d164662ca98aa3ad9b4848fdb3718fca9df4f52a3000020,sent
0x746885Fe25090AcE2AF6D6F2e87BF83c0833554D,11914.893617021276440937,0xf49d9f1596ee609d659528afc3c04e18569107a981a1f71f6cb3c56c9439cb8f,sent
0x0263175426915A63d16c06e1785461FcE23353Fb,11914.893617021276440937,0xa3a3736c97cd914daf0f4573f26b1dfcb1440031ea239210018746b60f23e527,sent
0xdeB9c4c8d55724fa14Aa6C80509204e289da2c3e,11914.893617021276440937,0x3cefa9c3095ff7704edccd852be8e80d5032713dfd4516c875148a0b576618ed,sent
0x357b40A82b8b3FbB7e5C20771A9A3c62e2eD0FEC,11914.893617021276440937,0x4db4eb78a3e4bdf9f02934bff3533041f5dd7f07d175efb80767d621e81284ad,sent
0x62547C1c9056f58F2F00e43f4D252f3725e2024d,11914.893617021276440937,0x9dce698dcfaea3a0a758a053d4a06d05381b292fc9fc7bac14318f01d3583b27,sent
0x306173df7adAb42A63Cd3B283098ad54c7456B8b,11914.893617021276440937,0x8afdb2987f869a356fb319353ec6d25d9a0889d486b1c52328f595a5514a8d37,sent
0x170a154d40838cbd0BAdCE7746540d105eFA0c61,11914.893617021276440937,0xdfff69e3e51258237e48292fdfe7378ea894c1c856d77b3a48ff33f1fed1990f,sent
0xC60636415635DE4f6ffDBD144283a4E0b8808AF2,11914.893617021276440937,0xd09170432fa2ef55cde2fbc95225de99403155cf2ec0dac644ad74345b7b3c57,sent
0xBE18976FC81562B4E7eC2CB2D7FB81E31b254A60,11914.893617021276440937,0x4faa692bb5f2b13318e47a112363c8d4a8e0d26a0e9fa72a0ef7f7b5616b5d53,sent
0xe0E6Ec5c2ad1E578bDeBf2D6CD0c9AeE8d0c32ba,11914.893617021276440937,0x74c6e951f6062537de4e9053952341c828e9a3ada5408039e00c8286c8b60d07,sent
0x11ff2C7e70a42196e5aFE40a6e552Ee9548B8013,11914.893617021276440937,0x056bf4e4441fd505ad08c235e6638d8f787517f375a13e64432e596b89682053,sent
0xd3b1b7C9F88846824C645A45e448B3391Ec19350,11914.893617021276440937,0xede76bbd307fd580a27f4eaecd53e59663126c8f13c5a364a1f79b06f38f0cae,sent
0x6aA1D8B32517Ef0608343DD79592368BF35Af906,11914.893617021276440937,0xf21084ed2cc327bc4598114258802d396f214ee363688778d563d9594f92e94f,sent
0x90638Caca06013E8EEe304e1e218BeC80690c328,11914.893617021276440937,0xdc1c3d0499f8323e42f1b245dc110b0b21abf47503c907d0b0bc2d1156a56781,sent
0x29FFd89DDb9A7CfCf1b7af5BDC153Cf170a02786,11914.893617021276440937,0x4d392286a457f9c554c5b4d60a29897af3fbe17e4963f602a7dbc1a4e51110e4,sent
0x6A564795d6806d43Ee20A576a459A66E93d46bb4,11914.893617021276440937,0xfc2b0d6f96b0a19a8840248cc40cc6c3a29dbc603b01a26e7ba1d75d7c749d64,sent
0xbabAD636EAE1728AA7C233bc2aAfB373B961670C,11914.893617021276440937,0xc357086f28c1dd4561f0d9c6b44733523b889bc16029b77a51fb2d814f04aa43,sent
0x262694Ea83353aE93C7b35Af93111E759b4B46d5,11914.893617021276440937,0xaeaae83ac9321afe10684c13ba79481a4d6e2487cc42940e5f6c87cb95ffaa42,sent
0x2a09557cf822BFC6cB30480845F5b433a79EE77A,11914.893617021276440937,0x8201ca0c2f1d1bab784d690d0d83b19d0609407490af6c863004bc987c53d9ce,sent
0xd2608b9eb01b6620Cce4ed7124FdC120b2E053Fb,11914.893617021276440937,0xce66914c6d13d9229404942d28474180981d0ea65cfb316975048f9bf087e580,sent
0x60e148E8228b8E699f7E81e62Ca9439133F059c8,11914.893617021276440937,0x3b900707d300eaf2b4c460c88c8a3160b2153606c21e3cdd02af311f885c34b2,sent
0x0F11EC8E11D7f184Cbdeb52675a147F4F223a05e,11914.893617021276440937,0x17444199ac53c946cc7bf9ee75390217a8842631c867c729884b6297e82abfb4,sent
0x61387820a0bCBa7065A46885aB7cdC7A39E29Aa6,11914.893617021276440937,0x702551a9244fed9b10df681a5979d2075b736bc1d05e0c94851e4e06bd8d68cc,sent
0xB7e2BFc1776f47aD830fC9Aca467A9c6e8Ad8cA9,11914.893617021276440937,0xaa1ef81902937a6381f0a49af10926b51d56f32083de8bd563613f47851c3bf4,sent
0xbF6513d9D47237df9B2d93610A401E20369EDed1,11914.893617021276440937,0x76b706c20425e1dfdb524db1aa00ced6475016471df68e4c1aebcba3a0cbc17c,sent
0xd1818d83E13b8222717325E0C4d949060EcC4Ea4,11914.893617021276440937,0x2600d383448b7cb305e07fcd4d8584cf4d9076de5e75fa1b7e57f1ea4d3b9d7c,sent
0xD2E0A4A17dA433b2571F36F74D0e94420798F235,11914.893617021276440937,0x6a5a9a22fae40f3897c455b3122cb9b54b5118aa5d8a1f0900cf31f3ac0d0daf,sent
0x4E53a49BD1F8D96EEE69139034103497051b7437,11914.893617021276440937,0x39c82b2d68b207ced9362b40756ae6c358ee3d9d24990d39ce37fc4bcb89d41a,sent
0xfC314440F56c17D62Cc592f273c1f50E7Ba19169,11914.893617021276440937,0x7fb263c9a5b378a9e494c73e65bd9d08c338988f2defcecf895dafa46a57f5ee,sent
0x12835Bf9DE032d0C8d1e25D569654Cd42fC7C498,11914.893617021276440937,0x6f571cfbec31bb0f20cf6731e256033d02e22510e1b7dae2080cd1fb8537d804,sent
0xA7Eba9cD1CA01E752cCb5d857D69f89260577751,11914.893617021276440937,0xac88f6debcfdcf6decf1f6d92093afba7fe68a37f04367b6980774d4353d6684,sent
0x7E019181fB244Abb475241255F8F7121554417EC,11914.893617021276440937,0x80cb2c882c6b78cdb34681aac42057c1c1c0ecb9b094daee9cb4c9f4a1b86dc4,sent
0xDfA11079378648fB4D3519697aF184b326eE1077,11914.893617021276440937,0x25030f728fe4fb1143f38a42377754851f2b5de6b0ab59ab6396d83104cc35f2,sent
0x431E84196A06639b2Aae91b9707a716AF238307B,11914.893617021276440937,0xc0f1ed97da8eed2e7387879cccc14c24c7b7a9a4001f3566dba6b1f403926bdb,sent
0xc7E52DD03ED267Fc393C7b9344ce15484cE20bE0,11914.893617021276440937,0xb2db4f60923bb2f628f9b02654a9828c9f1b3de56be14f6a840e7f9fdb3c8055,sent
0x7F91B4Ec5c0c1616efEeC58b5f564D9A049C94c4,11914.893617021276440937,0x3281e56a1e6005519512282ffd3e814d2641c1cc763964dc3f9ce99e382f03b5,sent
0x764cADB4E591559526e2b4C41F235bF3E4324467,11914.893617021276440937,0x33914cdc3f1ae7c4d27880a31b31e7322df513cde20977160bfc3cd9293c0496,sent
0xc98d46a8cfce13e99b626Afc0f5b889c225655f6,11914.893617021276440937,0x09948db7a3c6dcb1233e6e2c6c260757734422bc3596610d862a3c749fe52e78,sent
0xdF5e26B17fb1Db6c71b6cE2Cf99AB9867Ba40a1B,11914.893617021276440937,0x6ea865e41fdb022125025efe71fc96eca75aed97c7e578832ad7b0e97c74d50f,sent
0x3Aba3639A49b0e8ef47Af3De296E21C6d4d08D64,11914.893617021276440937,0x446287bbddfa3f408b6e1166c538210cc62c1323e8ee6e3d8bd1d617e017bab8,sent
0xFf3C12f9d8a1Bf15A68F7202b375B88a6f861EBF,11914.893617021276440937,0x43477661d9b69ff09d24ff81143d7864dd8ed6accfa0811637344022838fc1b8,sent
0x5539c715D95A2d4d940e0748cd67196DcB667979,11914.893617021276440937,0xa778c7aa29cfd09bd181444838eea22cf3d0bac78f9669b7f46992adc3ba30f6,sent
0x3D2292AD062B5f3f3C680720934de438708945A3,11914.893617021276440937,0xae07508c9a6827a7d227e2400a5ada75e1ab59b7c4dc3001df7c437a9e21a87c,sent
0xf7E2ed2DDfE03e78E4FE82C91AE3cb207F9598aa,11914.893617021276440937,0xaabdb7416c73d4b91a6f827585ea8e40f590541adde54734770d25399a24af41,sent
0xA4eB15BAe49aaEB0776eb58D872bbbc3fa08cc99,11914.893617021276440937,0xa637d7584c4a45457f8a3c39c44d975a7faa64e308f667488c19d6b55aef9d20,sent
0x1C3c2Bc6aaC766C031CEa919F0b43bE28059ca9f,11914.893617021276440937,0xeeab2c21b6976d6efd14fa2c4906d72a618eac65a38450d84eecb19b42b30a82,sent
0x450584d38B64546FB14DE9EfF5F32D1aC095aF70,11914.893617021276440937,0xcd155d57b13af2563348324333911992f842713afea50c49344dfcec18935404,sent
0x8F7F275868e63c7F4DaafdF28ca31059F007f296,11914.893617021276440937,0x085270fcf782708ac649b1d47b38f8f2e66c4a1fe9bd030cfe735c7939193778,sent
0xb4a7648dB6f429F813Da00eD6aAfb89F104a8bD9,11914.893617021276440937,0xae9a703946bf5d1f65af150cf065c1a8892d5028aaeaabf35b7b5d854ecd2021,sent
0x4ED3842874B1D817FdD12FB7C58231474b9f8c46,11914.893617021276440937,0xaaa879c62a3fac07864fdaa75e26034c0d153e47401061ea0c5bcfaf1666c7a5,sent
0xb8Bc50cF45CA99Ec60fD94064CED3fdB3EAa9147,11914.893617021276440937,0x806085cf520fe1fda6484e0631c523782f314db2e51bb4c824621a5341d01561,sent
0x24f1ee4deFe5b21Aa7056795B2c10FE2E7b69369,11914.893617021276440937,0x4f371a6bb23d8fd9d88da6302eabfaa576f2220b25da0839ff548a39cd5d9a9a,sent
0x825600D3FECdF2060FBAD581F4a85De93488a682,11914.893617021276440937,0xd51635bc35e96640ce1140fbad6261eb800258bdba64fad40b20f524778a56b0,sent
0xeE96bacC565eDEd225230604B9f55549E5bB74CC,11914.893617021276440937,0xf7a21be9540dfda377a505c75365247974844b89811d3fac9219d0d8d588b298,sent
0x40B653ddD24F7233194DB7D95af9779E54d5d773,11914.893617021276440937,0xe9e51e7d41cbec6243f11d6fd644eaac480f538a2c2f8f114f75373778ee0496,sent
0x3dFc42163C394e57799dE805DE7B761e0402a0F7,11914.893617021276440937,0x8b58aaf92d1fdbb28fdd10fe7b23d006785453f8afd9aa3e1ce873270d7eca55,sent
0x1DCA41A5c7BDA9FeDE558aA70414B0C123EAd92A,11914.893617021276440937,0x198a7750de79a3ab2445fa94fa5975cd8802504d35c359dee2d0d9f0381424d5,sent
0xEE7d60703B640DC6D5Ab056c05E305A29824A096,11914.893617021276440937,0x1cb5a146ef1c7be67c045eef4192ba9bf9a872ce89dad67cfa2f0c3116d919cf,sent
0xEc415A7fE6042Ecdc7Baf44089Ff636378eacDB9,11914.893617021276440937,0xfc3c90f617fd95879e4d6103e2b1ceda849b08baf8c898e18d12bba8fac2f2e4,sent
0x535038eb7982FA416A5995B8FEDE6c197070139F,11914.893617021276440937,0x4ab236d7f483ff1605bca7ecfc72164513bff9628026076ed4cf30597a3cbd2f,sent
0x8Cd1Eeb64c5A74Cb9A26D734752bfFE98b4a3F56,11914.893617021276440937,0xefc25a1f6854e1a8d9e6a8c54593174525bf2cbc7c151c934da450d430832c0c,sent
0x1BBf310a39552ba2a0529C532AaE5B6387c42CB3,11914.893617021276440937,0xc848ad935cc467726f16a1567b97092b198b619a41c9b69ee1444de337974988,sent
0x2d5b8411EE6cb3E298bb6F634b6120E2724Fc36f,11914.893617021276440937,0x761065fc2f64a27998bdce3c163fb81bfe8bf8054ed3573189c0ffaac85bf92f,sent
0xB832fB7E9fE976fc0aED3Be4b308b01f3EECb45e,11914.893617021276440937,0x149fa799a69282f3a050f40e2e3912bf317928689a74dacfe67cdd9f9be5b75f,sent
0x183C8fF87854F49aCEc362a6A46fd2D2cBbFA67c,11914.893617021276440937,0x3ae29a8f536a3a0d51731523534e704ac1b84c682bc749af458096e3ce5ecd29,sent
0x765836D9D9bA3f2F57AB4A1Ef8815dc28D1B0717,11914.893617021276440937,0xb4b30b4e9394d8778ab1f6f8e252a38cab9953be65602214731b1eea81068b96,sent
0x80e1E0CeB5c2bEc7C53C7b14eE2DA331711e3f50,11914.893617021276440937,0x33c55ac3d03a39ff0b38586b5f3b7163a80ebc5dfaf243fbc64c9e49801439ff,sent
0xD705e2AD8BD4e9839cd7548596d84fEAbb9A340f,11914.893617021276440937,0x82b0b7360484b4d10d1aee5598f79f51820d337d79c625ac5caf580e00885718,sent
0x21E732F611e89CCD34CAd8a078c97EE04d04467A,11914.893617021276440937,0x4f5baa8a503454b28d0e669471003afed415282eb267e6496dac08c2f98a8c17,sent
0x8CCD5485ee09CA5E0a45D1Ee299D198Dc165e223,11914.893617021276440937,0x44d0d41a529ff1b052f10dfe652124328fe82f7a9f677d2bfc312c67b08d963e,sent
0xB417740De74f4B40fc3a635905eb142d2479fF70,11914.893617021276440937,0x2bb82b4c4e0cfbdc1ea78196669debfdc1019af5ebb78c8e227193cd47858dc4,sent
0x1a3a79EB523B2173337FaEd863Bc680D813017db,11914.893617021276440937,0x9339a7fcaca73ce86fd79ae7bca37b5f2b8f61b119c81addc7a253ddfeae54d3,sent
0xbBe8E9d28152d9cb68b257a2De874E210eE6f59B,11914.893617021276440937,0x7fe57ebcf67f49a47b36a7b1cb6587ac2b25aaa3dad277668248f5d45521863c,sent
0xCb7A885D55446EFC3ea17171260769E8a35C4A51,11914.893617021276440937,0x57660b8c899c92cc1de5d43fcde32977105111b980746a702292f690f4cfed34,sent
0xC4D7c52d68CB1480f557a88fd011a59fDb3c3107,11914.893617021276440937,0x6e769ac397872a438e77abcfefdc38bda53f1c50074e94c53ce254f8ec283eff,sent
0x5B0e704970dB85542dc46C2158E2D57126F9A30E,11914.893617021276440937,0x11148fe62941bc36a1c9d6b6038e111634c19a2eb3135388a28a8684979adad4,sent
0x0bd51D14c94d4b3e1C4C9511fd8407622e9416a4,11914.893617021276440937,0xa89f35544c8ccffb55cf207619f3fc84722edd1438bfdb35096d21378775f7b8,sent
0x76469f9aD7Ed5A9f6fe418d37f609dc88fF3cc17,11914.893617021276440937,0x3eb1ac578bca28bda8d97419cf3d8358361b7801d5080a1de8bc425e72cc48e2,sent
0xc58667BDE62584Bb82DB4f924a67dFcf88B5c8De,11914.893617021276440937,0x13f90eba181e8866259e41082962b9465091b80a7c1509430553abe709026c90,sent
0x9eAd973764Fb0E4bCbe24e05cA0ad8D9Ce38cb90,11914.893617021276440937,0x53dfa14b33f8a631f8f18843b3ce8e0f8e7cb56b9af38067c1987143b5ab2318,sent
0x1F626E7259a987bABD44FB66002E26c3346Efa77,11914.893617021276440937,0x8871361c8b06b40a838f9c16f64e34c4fcd7ac7f29afd1de6a336a43104b0fc0,sent
0x9f7ce0adEFC91D9a7dA2d6083e749Ed40F01822f,11914.893617021276440937,0x3472d36be1c806728c20365b2312f99bcfa4e3ab26698b00d2268c0f59bca404,sent
0x9d37f264062c43dd2f89Fc85E95bbb30226c2841,11914.893617021276440937,0x872d17c190a73d43d4af73a436026871973887aa774735d7315cf1b9b3643a66,sent
0x8764f860Dc06EabeA923424816C28aa4FCBe0AF8,11914.893617021276440937,0xa09feb871bff45e9b9fa7823b402f91ceb358de05882d442d7bcd29b287483cc,sent
0xa4bA20FB8cdf119F692c0870c76C50728b2406E8,11914.893617021276440937,0xce9aedd33741446cf98da3dc66431198d33e44f11ea13760b88df72ed6ff9636,sent
0xd19D8fddE84eA3750AD074455B28De382d0627ee,11914.893617021276440937,0xc2375b95d3c19199f07b9234fea86b0e88067a19ccae2ae040be973df4f1d848,sent
0x43361fE8ba687F826819b027ad5FC5b4880A3331,11914.893617021276440937,0x550971cd0bf4e8b94d079a4b57866d4638a355a8645ed2ec76d0925c83c4ef74,sent
0xF96A795776CA132A5E63e5A0CdfB865F9f55eD02,11914.893617021276440937,0x513715d306cc54cf6b65d1c327748b2195ebbf0057e08f4a0607b23fbf3b1fd3,sent
0x16429d747684Da80C0Ef28372dce595e6f7E0aE3,11914.893617021276440937,0x6932cbbd44660cd1b690cb41a4fa13047033e7a537573722dd73872fc63f9a77,sent
0x0da2734bF24e4e3b90085F4801c020c32310c84c,11914.893617021276440937,0x661144a40285b0505b3bea9e891d6702170a227f52272380a3346188abf2197c,sent
0x1F811783c2F8450855bdA07A843dee50EAD70867,11914.893617021276440937,0x33a11c6a8496a299f762c85bec6b1ca1dfb2d0fd2ef1fc18508ac4f313ef686a,sent
0xBCb23bFe3fD6b37Aab6792b8d6934250E64bc13f,11914.893617021276440937,0xad4b40742b3dbf11c1226a7d243a22add7f6394771029f6c38070fd833fb7148,sent
0xcF83440B28B3609747d834325d06DAA23Be16e88,11914.893617021276440937,0xe70366aeab4fd4ff6acf5fbd01fe1562ed264838c27d33192e6ccc17643bc214,sent
0xD123915D2d465818B6cF13F1C64Ad21C72e36352,11914.893617021276440937,0xf9b25071133d9dc9ba5abecbcd0d8b05e27d45df8064417e6ed23639ef72a367,sent
0x451b755199AA82B2ed9ABcF46A90bb6205337343,11914.893617021276440937,0x1c640fc81888dcb96f861c62a13f5d29830594e60ae33eb9ae93cc1851c5148b,sent
0x6fE1350d9AfC283406eB63B7299a90B038930e40,11914.893617021276440937,0x2f1e52129987c3bb258c36ac9d8a1e6a082aeb5d2eebe7b9898b6e18fd362b8c,sent
0xE8eb4B4Cad82bA6feFd2474016C45DC953023Bc9,11914.893617021276440937,0x62d69a1aae1f024ed2cc59271b2a4b60f54e298b62f4d8d96012def9a1a2c840,sent
0x36D36BC3D02269a58557401E0904718Ab67d3b49,11914.893617021276440937,0x9a241d5f04525f0fe4cd487d233ff4b270f299354dc2cc28dfda4bb3d97157f1,sent
0xF586160B7A7D5608C2038aBb643f4B9102409f33,11914.893617021276440937,0x268468ba2f6eb07244b5bf69188f6f3ef34901392c66ef77862aa3c7037fe8ad,sent
0x44a5e986530c0Bef40650E6cc182aB73D6327665,11914.893617021276440937,0xd998a48d101696a0b4d4f7dafe0cc947bf834ab408af53a714c0df3aef7597fe,sent
0x264173035c39Def06bCDc26e09296844e036e3A2,11914.893617021276440937,0x4812987f158881525ceaf27c64143684e1cfbbdc393de534fd48a902c12d869b,sent
0xb7fEC356bed9c357A4b8Cf0739a02E9037A9020a,11914.893617021276440937,0x06c1bf51b05b6fe98d6b8cd6260ed74a08c508cd966c72875784825656070b72,sent
0xbd198Eac2C4aa34d2719bE4885559B3e7b0576B0,11914.893617021276440937,0xfa0f5f1b78e85ff06df18b8484cdd0be4eaa2dd56d49cda898c1f23dc4b005d2,sent
0x2F010764B433d41071566537e0137753FA6b0AFD,11914.893617021276440937,0xc841d4050b2ce4998281be9096e41a01e93e7dd1fe93f2a7534b15cabe54a178,sent
0x065f389deb4BCa8b8C6158C8d4816B8Db8F32365,11914.893617021276440937,0x916d7f3e733a3f4a6cbf79ac795ecdb93cdf0e49592a91f2e4a61476797c953f,sent
0xA1D8e4c5e86345c23E1dD3c7e525a81F290F5446,11914.893617021276440937,0x2a74ac1ed1edcfefafe45f964a65587dd824a8bc60f5eb04acdcb34d4eb4b26a,sent
0x4FaDF94b277DB68935346601698eF43dE6E60297,11914.893617021276440937,0x8214ca022bfb8e41324e70108d3a18c4fc9fb500cc7e6dc6cd99ba1aa2282774,sent
0x204727371cCDF16360ad7367493824f61b4503C7,11914.893617021276440937,0x2445064d8cc4f0abb4bea57caa884a978e7c6135557844382bbae0995e8a5eaf,sent
0x82068912A63270F7bE4C32E8Da5887D549C8f801,11914.893617021276440937,0x95a92fe5ce69db5caae5483ecabd7ce1673e5cb581e9d41f7313e8894067c68c,sent
0xF3D9289BCce520d21DB59665230a267B9B371446,11914.893617021276440937,0xf5e8baae9795f877106dd90b1a3661a613608fec93e5a3a49538859f327d1a5b,sent
0x6f01091F921BB3e2747886aeA89cBDF8Ea6A00dB,11914.893617021276440937,0xf1adc86457a81a5492a9243ac1cbd6b16735a6126f8bfc36241036638973c0e1,sent
0xa79F1CC8818DD464A3eE98AaedeffFCe3004DC9d,11914.893617021276440937,0x7aa723d61ac91b8403923ab9eda78f29aefb3dd468f8b51ced6d4e731b694af0,sent
0x9b8FAa6E8658345A534AD476F281831b616D9a7B,11914.893617021276440937,0xac917ff28e20874d572f8702d110ee07247a06a396dea9510bab29fcce65ff3a,sent
0x80be52A7BFa01F2d40bc4f697694e724B5c32ADf,11914.893617021276440937,0xfc9d294bff789036e661135a371bd6e7133659db6577776436cc5e933111a35c,sent
0x7Ff4F9978A123d4cB289A482e807550e45Fe8187,11914.893617021276440937,0xe6f5216e02c5e304acc83461e1e3c4e571bc791eb6614ff1998ef780179a267c,sent
0x0EAe88cd073351dFF812255Ba8E2D0601C1079F9,11914.893617021276440937,0xedc4de20ca5ffab50fdce93aff117cc8d2a32d8b7fc1c33c5602264fee117efc,sent
0x52374D7fddAc48df3E291B2a0387e90350A70bf3,11914.893617021276440937,0xad6567589083fc2efb5e1724ecdb259ae655fde4615dd836ae98e15eaca0f473,sent
0xfa76eE761a5D90A86A88E9b4770f7Ee3933fe0f6,11914.893617021276440937,0xce8aca99154e94d5ba4f60e3b0847c181866f60da0460009583e435144ac660c,sent
0xaC1305E5695b2e90ADb450B991Da8D9ada4F4eeC,11914.893617021276440937,0x7d12d2fc84bbaa8ec48b11733ac25c1cac1a246a75cc1d085e239a39a836d433,sent
0x0E2fCe97243Edd83d8C12C4A04B8312047aEB50a,11914.893617021276440937,0xdebdc958800698dbfdf13b0019ab93d00092ffb4b67137624de1c7be433149a5,sent
0x48062F3E111c640317D134dE465cddc18793a82F,11914.893617021276440937,0xaf0c98f072f36000d10fb6ba8983e1b948f1f09c7a0e969bf0edb8e5973e2379,sent
0x83377F2bB32705cA7aC26346430FCD5b98e58719,11914.893617021276440937,0x78f96295f724ca6a3013fd5b74a7ecbe727903b56d0b3741a0e78caf6ca53bd4,sent
0x2B20264c31F0A8C0edDBA6527b978F69F290109F,11914.893617021276440937,0x5a4c2c4245218b5d4d4d1faa3b294a2d6ddde8418f5a6f8af050e49a01dc21b5,sent
0x60DC4Fa98759eB6573b275d3F146c59b17C64207,11914.893617021276440937,0x0af0e620ee165d0d4dfbb945ce6749021601fe35766fdfc800f8422aedb968e3,sent
0xb871E124a617232d3e4aB514d02819b0b1782c9D,11914.893617021276440937,0xe1f0ab37f81b23464fdf9a9a1c2c80e421980abf15a1468cff7a2f8cc4ced222,sent
0xdAE1d8f43a8D93Dc9f4520d2111Ef4aF43a5f0BC,11914.893617021276440937,0x820be312fe2086172be93914e60a5042758086bec6c36ffb96938ba78e7c4e3a,sent
0xcf608f2fF2f6E262046A4F2eF96b212f20dE58E1,11914.893617021276440937,0x0217856fc7463ccf78d1e82b71e51c22c744647e74096a07cb268a3a5880bd4a,sent
0x35e77ac99B0eB42aeda650b3D6bb27e7611491E5,11914.893617021276440937,0xde4b2d9c6704b5dc374480ec06e447f1145d05919c37e674b3ba2c89868be9d3,sent
0x7d6C1Ad9816517D3dB8b3684034d59313D30e68c,11914.893617021276440937,0x8775191974367103236cc10c9798e879ad92ac94d900b11a9b68d6f324c6ebb9,sent
0x1FAAeddeaEa8B4cc79437e453731856517cbb807,11914.893617021276440937,0x2277851c64495be04b2862479e890bbd1da5e73c5dafc731de3897d75d2eadb4,sent
0xeD71EBd3dB80eF52E7933A0CA645B206A3095Be1,11914.893617021276440937,0x9c1975eaab68248ed5fbcf34e3e5bb5f7769f6f40b8b5a172f1841a0643e2fe4,sent
0xbf31Fcd051A7e772bC87F2D6494dEB6F37E7D4B6,11914.893617021276440937,0x479db4802176626348c2f1e4d723812f3ff9b9969d03047b57429380964bdc68,sent
0x7F4793ebc2a6aEC8709fA905797d6ce2331c6a6E,11914.893617021276440937,0xdb6a6fec5dc5ec23cc0382cb8b4ec822c5891fbd465723c0e31b960d3f92b8f9,sent
0x8940dD16eb3369456fF1623F0c61128FDB015b7d,11914.893617021276440937,0x612f3e3c50c0cc8d42d42b508dda9817e0d92a75fec9e52c786cfe8f3a6a7e29,sent
0xe96dA789b13a78cDDbD734e015a4dEA4ED9f6F72,11914.893617021276440937,0x6529beb5b5c6fb983a07f03925169cbdeca2242b348af04d0275d5b7804d41dd,sent
0x3842FdDD8bd8a332023e290eE967D3fd3F37CaCD,11914.893617021276440937,0x2b6c9877cc6b9e7ec78db6f0003ad7573fe5ef5ad9012983a7835951d14766c4,sent
0x8Cca1a064aD27b8C1d85a09ca4Ef7254796B4489,11914.893617021276440937,0x89806fe689ad38ffb86e59e67356a76a401f7c23acb7a05a9e9f9ffb8a298032,sent
0x159f9bd7c17342485Fd25794E4df02B844C744ac,11914.893617021276440937,0xf44ec05519d5e57be68fcc4939082215bdad48788ee21502504957156d91ef23,sent
0x1BCb18f63F611E03a05b0EC93bE3573418758F42,11914.893617021276440937,0xf746fa24d3494276f4fad526906707913b78eb75a8f6b00477297ef1024fb7da,sent
0x0d30Ca456828ad37D7dC3693567C5F08fAB99605,11914.893617021276440937,0x83ce2020489c672290834f68726d4d30129db30e70ef9f88558e203a2b09c68a,sent
0xaa2A38568Fe4dc0A11AC8542b6EDed0fc0f903Dd,11914.893617021276440937,0x02adbbee9dec35e8d807d38fb053eca74b82d83c9795b11a10748f20ea588dcc,sent
0x2A455295a9E4ba06b2065BE690e9e106E12C58Fd,11914.893617021276440937,0xa371dc73b2f942df86f97a6445c1f3b3cabbab474474fabf6971dfb3e52a87d5,sent
0x122A513587cb4be9BE131dB91f14ad411707D884,11914.893617021276440937,0x837d825ed709811ede308d14f038f396cc3fc5fab0e770ac04320b02222102a0,sent
0x8784CEeD8cbbb30B1E2cd41Ea9fB82B077978484,11914.893617021276440937,0x3846fa60ad8def607ad49766246da06b1ce33e23bdeeed730af320073b28aaf1,sent
0x0D04eBc6aA320e3d7EF7836C8393D250B498D28B,11914.893617021276440937,0xe9bf52855c6c5ca5a7b0a45107781b7a1d15d077c3bd80ca12c7d24391a47176,sent
0xaffDAe050F4dda93cea10e51D5AD891fAc572f07,11914.893617021276440937,0x1c88575c65ae37970ed9c70ccea2c90ba722a2701ea0c08db8878521a8663da5,sent
0x4ed35EB368C1a6BD5c12C7B8Cee1B47837519F68,11914.893617021276440937,0xb89ab39a188bd95ada55c8788f8aba40a064f4cf7a8c5fdd5ec402a2d3911ee7,sent
0xd0bFB6E4658EEfcEc7D0dbb691d1922d2a135B81,11914.893617021276440937,0xf2a3da821124fc6b2493da1cd48dff697ad0917314bccc74816aff40504d9047,sent
0x9E297B30861fE352F6B3E50cf90c6f1F3BAcAcEF,11914.893617021276440937,0xd4214e21552133cad15c8d52ed609c00dc835bae36fd1f7e9638a66ea7e8ef32,sent
0x600DBcbD6AcA9bdDF5D36d8Ac67637CFE54a0a56,11914.893617021276440937,0xacc5c5230967dd96251cabaf980f3681f3f36c36f16c86046434c0bbcf4e6687,sent
0x2C9241AFad689c496b756983da834a4f71950bb2,11914.893617021276440937,0x446b0829edab3feeaceaa9ded2aede077bc1eee62bde97c5714f3c209ad36d6b,sent
0x0b04E5d3fb98b91dd81138B540fd8007B357Cb84,11914.893617021276440937,0x17d959242d0961805c654d755dc183ef06c9acdc8173bd33c9eb74e4d72d1c37,sent
0xA58aE4eEDc19538D817B68fc1707553307955D0c,11914.893617021276440937,0xdda4ad9f2393261e8c7a39033eb7dbf7950a6e513101a47b4cb49fbbdcb82bee,sent
0x2F5B1A38B8b6C2f8DFF8de2109fB9e9e4cCF6649,11914.893617021276440937,0x3c8220f3229e4d1132efa8c9ec428096d2536a1163a3767685858fce933a9acd,sent
0x4E9D8EA8D0c3e2D529874343Fe221D2a89B9D220,11914.893617021276440937,0x345e92094bcb07591d861a31e9f431f57efca7c49a427a5ae1c3f44e4c016bed,sent
0x30B3DFed5492Ff6DAb28D3E75058E273ef102326,11914.893617021276440937,0x43e0287b8a9764000ca38cf3b81741e149150e8cdffb41991ddfc3970e6766e0,sent
0x1C35bAE51187cb0d882B3ce3F0EFE59e16E2cCB9,11914.893617021276440937,0x139a30997f7f06a324e87598c7a8514bb7725b1bf6cc6d7fefd6e9658c3c825d,sent
0x152C40Be966Ae6FDCAdF89165Bd6D4b63877002F,11914.893617021276440937,0x8befb4ad9bd9b1622233df4fa824455e950ba373f4f6f011345b28b72209562e,sent
0x7a3219cC9225aF1f0021363f5b1ae0fA6105adDb,11914.893617021276440937,0xd376520c26cea260ef77f9307052c946f8f331dc59a1578f3ab7935d1cf5c971,sent
0x4E6fC6487cD096B3e18Ccf3b207fb5e2bEE2E5E8,11914.893617021276440937,0x2e707e345fdd5cb2a4dd140349b4970700580a4082a12b5148b86796d435d710,sent
0xA40F678033AE2BB5877CF368f2DB7a22741DdA70,11914.893617021276440937,0xecbbb056b82a6f58cd7bf61ac46816e4ae39d385fce5d2f31bfb6f2600060edd,sent
0x3E726f633222Bd2751aAe97aC66Bc336e6c3d3C0,11914.893617021276440937,0x794dc1dcb8766d3e8cc6946467f6a7e938f893af1afe7268ce0c8621fd851fc4,sent
0x1EF84b8b819accD403B481aE06D0970A80a956B3,11914.893617021276440937,0x3a43ac591a7a821842d239fd1d787d070310a7357653cf9b3714e0e1649e54b6,sent
0x17A7EE7465b5A13AD53C5d1BCf4B38D25F88bA81,11914.893617021276440937,0xf2887ff2a836fafa3a778ee43b5bcebeab367ac771bdc0f34b24319a96836125,sent
0xb84d895B5cb785F0Da61928fA738909Fe6A67310,11914.893617021276440937,0xd8a3457b67e4eb236445dd069475c49644d125867e95cea7e148019959adca2d,sent
0x5d0E7c67b17B4509CF0dB5c695574EA8C525961E,11914.893617021276440937,0x14963c371ea0fb8e39fe5781167433ac9b06a6bde670570d80c7bdfdb8d3f18b,sent
0x1eb570f28e9982BF6F85762Cb8f09AF83F4E7450,11914.893617021276440937,0x807d0b73f183ed07844f487d0f52c26a3712d6ffb25585755680b7300bcc7030,sent
0x413306c364113e92dd6BCACFe3e79bA8C45c7C7c,11914.893617021276440937,0x0c3b69e4de0e478a4dfa1a9ac840dc8ca19e2e91c9577943052dd7d0dcbf9fb6,sent
0x401B1C930BAdBA5444990A9cA9a1aa2119dB6497,11914.893617021276440937,0xe75594439135a4a707471380996c5e9169d64094b6af69ee82cb3ae5b3e14109,sent
0x15f1F37B25014bd5033a50AF511364987dbc0F56,11914.893617021276440937,0x83ecabbfe2b27a83105d47f63ee9c8eb4ab1ead2aff3ec9010e1eae6235fcdff,sent
0xcE4EA5fd1601a258497D5d3406E608c3B6916087,11914.893617021276440937,0xdf5bf414b98354074461f8d96f9a0665777012dd0b13a788d17db5c7620cc0c7,sent
0xEcC67813cA639A85841922454fcC8B23C4fD39D3,11914.893617021276440937,0xf7aa69fbfc3ebc75183f13b9098c1a500296fc0c8a5222dc52be9c060d285ab5,sent
0x5ABd48aef5010038fAF9a90700F6b6faEf471Ee6,11914.893617021276440937,0x93f803cc43b6bdc8fa4ca50d8a9c2703fa510fc19d3ca4a352e7c1be61d5b225,sent
0x994e86F905576562C9085402f1971869cba0e865,11914.893617021276440937,0xab5719d18ee655d7beb90e3f006cd748bfc8eaff7988adfd61ec8d6539ea7456,sent
0xAf2cA44a1297e7587c5D907FAb1FB47a00bD8E0e,11914.893617021276440937,0x591123be1594422c8777301c0be823e44ba824f067ed7791748272558f283761,sent
0xB9a8cB3539329547288EA9366e08f7C4A6d1F54b,11914.893617021276440937,0x3fc2564bc1e45cf16d5cf9f9a45b476b51165d1fadd474316aa896bf2ef20adf,sent
0xfD7a27FD166E0951Cc3B53bc11334862CF9c37E1,11914.893617021276440937,0xbb39212f6bd704c44219329b0aaceaf81072c344e4bbaa44319e71d7f73ce8f9,sent
0x028e563D3730f6dc8AC1aD07A76b96652F450E3b,11914.893617021276440937,0x64554b336cda5ab887565df3bb9ce036da265f6ee0718796bea2d624636af67b,sent
0x60294E74ae42fe974912A49A953Ea9F86415c2E5,11914.893617021276440937,0xe3bd52e0a2e3302b9c7e81e3d4aef6c4d11128f7623cce3a0149787d61b27fd2,sent
0x72237615786134ec17091B61E2084426955244E4,11914.893617021276440937,0xa2e2239c45a44610eacbc28b01d1d87d70ad455c00831361e514db96cd243162,sent
0x71b98995B5b5d9D0cECA460a45a3CcDB5200665c,11914.893617021276440937,0x90341309e62a52a54c782fb2a20bba0f8e39be7e67ba9afc3c7bcf2546aa651c,sent
0xCf4E966630C2C879244E319936306bF1b06A9A49,11914.893617021276440937,0x4d4855689617030948274ef60f3ea3ab132aaac03f797a0018e0f6c50e16b89c,sent
0x0Bf5dc1225c7874e0Df789D150a899821Bb2A7fb,11914.893617021276440937,0xa5ea9428e51a4ebd3e75211b6fabb67454fff2148aee3c5eaf6f3fb3b8494f6f,sent
0x88F800Fbf8BAf506A297e36E345B9D4250CbFce2,11914.893617021276440937,0x5d25147347d1b9d1ddd7e7649a856e2d7e310797e3b0dfde3135491b080cbd66,sent
0x24Fc376965257b1D99F23d6D019d29abe8ae9b84,11914.893617021276440937,0xa946efcd0dfb3c4922eb224a8c96c744ebe69e0eb8069fd41531ce7656c0e971,sent
0x0AA5cB4E251a412797B3a74f9A1Af2987e6d1ACf,11914.893617021276440937,0xec4ee8c25c9d3bedeefdda337b03168a1e42a362e7fb71557b2031ace5a485d5,sent
0xa4c85bff0d9b22c03281f2b7D2e33cfA723c7e0D,11914.893617021276440937,0xdca63456224bba4f382684a3379cb568e7046dcf516088f1718aeb4e509ebe36,sent
0x738c5BC566EdBCf8f4F39962e28D3Fe62F8f7887,11914.893617021276440937,0x1965dea6d41e3bc50b3baa9f9b9124c55ce671ad5637bee6bd65d244cb22f817,sent
0x6bCffa8c263543fFa12C8Ea91e268f234049286B,11914.893617021276440937,0x814183e6244cb8e8597df45e094e47a3126143631e93109bbf0e4940ca5b364b,sent
0x09d215C69439411571a3Ab56a0eE65019356914A,11914.893617021276440937,0x161afd63068a14379cba0396b61204ad9015d031e394254ee4b79ab23ee5be68,sent
0x99Ff47D0357b1114e3226f6860e8d9358Ab49DDE,11914.893617021276440937,0xa3fd4922a74b44f3d979d51c7ee86e622c05dd16f73d4661a228fd27d5a08dff,sent
0xE7082374A50880bA6cC63340fa0E39FCC44257c9,11914.893617021276440937,0x8d74f1634feebcbed8b8897ef60b87251c26878491f0ad6ea7902a11d2f33197,sent
0x40193974b9a14aB9d8BAA5705bb26f62C10ce890,11914.893617021276440937,0x5a9f76f8d7eb4039ae0e2bee0591cb19d7c273845dac726a84412d4e173623ee,sent
0x7140D8bBE7b1c9617fC6b9bD4F50Ab739034ebd9,11914.893617021276440937,0x02b58c92ea05fecdd4c2affcbafaa00ec8aca90e68bd47341814c307bb435392,sent
0x5aBe0133BD15772c359BdF39C40EE6450e7f3369,11914.893617021276440937,0x0e6373ed4025e5fb1ad2b2ccc2d40ebb1efa34f0eeb1b191a4a9f5b0bd3e3cb2,sent
0xd9Dd28A40f0e6e44DEAc061Da8a9F21AC0B0C937,11914.893617021276440937,0x9462c2e88d2da92bcc167c60b82e47a85d370612b819a5d42cd6fab358dfc436,sent
0x58850050BBDE8f6FCEdf069a81942b4f1CD59B92,11914.893617021276440937,0x9e8bc534d062fd762059cccaaddd1e6f03341eced849ca5f5d8a107b4cfee606,sent
0x8b92277C6418742ADb5d3d6679544730AdDFbC0d,11914.893617021276440937,0x6def90a1da3cbf5ff34ce977bdb6095949d548a6b10b3791af1eb1d06f30c54f,sent
0xE62213567c7Cb954aC8E4d3Ec15810EEcEA38Bcd,11914.893617021276440937,0xd3fc65bb98bea7e458bdf6882e324b64b34636da10a604263f81ba88a7b2d18a,sent
0x438c5C418ABbC82985296365d4Ad9890959a99Df,11914.893617021276440937,0x5e3dcaa3832263b326df3ef9ead50dc26289db4b4c0f0badf7dbf2462cb9ec5e,sent
0xfd6A98f84150d7F4CE93a9F1c93CA493a6f5C185,11914.893617021276440937,0x070a378b47e424154b9c2d5aee8d6a60fbfba9fecb06c49b160ecb70e356d4dd,sent
0xbe6eC4B287B7298D1183546dA6547154f9fF608D,11914.893617021276440937,0xc26b49015da239e9e0cbf076e13167895d11e87d5d74a80eb5830da502a40409,sent
0xf073938318D91F0A6e76AEd26099D9C6F5e75425,11914.893617021276440937,0x822d61a3bd6180055b6823091b291ef5edde8ca5c1d1ff830d1ee0a719461fb6,sent
0x63414579542F9FbF3d86DcCF38549D0BeF006F4b,11914.893617021276440937,0x1894156c32d516060450d1464496f7ff20e458bdf2cdddbcc2ac9185665d1c6e,sent
0xf60A3F54BAd872c2fec2db24E0d1765B94725cd5,11914.893617021276440937,0xf88609b97243fad8fd35c91bd179e05fb521a1f151e0dae181acf8becf131e3c,sent
0xf95d90E1a21252b359996f29EB1C7f9Ec48dEa97,11914.893617021276440937,0x277142ccd3b8c990a3e52170d4627afcbe0fdf512639df4fa89c6ee70ed20019,sent
0x6FF227dbbf3fA8B00398330230DefF913B97E235,11914.893617021276440937,0xa147265012c10baffb4135e24aac4a98f3fb436f3342e29c2ab30b32864e3fe2,sent
0x26B6aD2128DD78D25B5Dcb118520202F8c72A987,11914.893617021276440937,0xe26375a25b3296acae5f7808dc7e048f92dbef4c22074ca0decbdc9ac6b66caa,sent
0x665005bbF74B7Fb4C0F360906A9D84Ef41567e38,11914.893617021276440937,0x6f007903c01e72477dd04c12e6eb15d29144c0b05de697c4f20af9c9dc6b3d7c,sent
0xA9972Ca1115d7898633fEBE22bf24d2cddD6a974,11914.893617021276440937,0xc4cce3bb9165a3bf6c75c2bc4187224db87e8fcdb37eb4e2207981c18806a625,sent
0xd22DDFb39277B8c7f270441d79F4eF6Ff4411473,11914.893617021276440937,0x6933dd4ebb394506773fc434ebb27122c42476159e42102040c8a65b08f26c6c,sent
0x1c6a1A8E5f3e86bB730cE4eCb75322249812639d,11914.893617021276440937,0xc4a7fa188dd10746fbb84aad2459fd3b39327589d2e6c07d5fa20a4d7d539e98,sent
0x5b512Ddb9E0fb2B8Fc5208848e52C93777CcA565,11914.893617021276440937,0x8eca8f04517e66e3d8c643d2ad5ce24d9f93000fe5fdb2300889aad7d36dc4e9,sent
0x04E6047185C375776B7C3df16c2cfaa5d8475f05,11914.893617021276440937,0xd8d3c80c637d7f216d236d5922f00307e95d361513abd97fc209c85b2932d450,sent
0x193CDb474412B1f72d7a66D65A86965132840681,11914.893617021276440937,0xc4e81047d437a7877e4753c8c1ed8076c75820e0f030d9ae45cd7d79d1045eb9,sent
0x6aB07A5E2516D616236B60772adfC4E6001337E9,11914.893617021276440937,0xdf3b8f2700d8c8f7b1af2648ffe496d568b47b6eba39a4909315b1518761ad01,sent
0x66d51293f829Df025546920F8B4CD4f7728Df013,11914.893617021276440937,0xf7e7005e53589b087a3aed9b413477d03323f2f469253cbb6d2570599493ded7,sent
0xA1Fb726Ade1687d5834adcEAbD9dFC104E3Bf7aD,11914.893617021276440937,0x134374f9368d4b4bed2e19b6cca88ceb412fa291f6652f7e20ec6d2210cd5605,sent
0xEbC7DC313eD045fA2e55Fa3f4d734925B974a67E,11914.893617021276440937,0x49648bf3bf1e8a46791d8934eb4d5cba1e039e0093ce3a3b886706e90e5f99c6,sent
0x6Bd87FbAEDE617E8c8D7Ae36ba64867D80cE6742,11914.893617021276440937,0x9c4476f7d1262ad9f2fb941e52a3b38893ba3b43350396c0d59d53ff4a1c5ce8,sent
0x0AF77967430119FA7Db9f88d3E6123Bc262684AB,11914.893617021276440937,0xabb831bcf6f0ea13de394d6f50183ab1c44a1b27a8338f2210039a8a842c6d41,sent
0x52604fb689796278812B64DABE4027DC96cb2C51,11914.893617021276440937,0xd3a9e57c319e4c9a89c67e2126e8d0e9f1809f835454318559f47e6e5630aaf8,sent
0x4956e7F5398FD73ef4364127F17FEE7C0377d3d4,11914.893617021276440937,0x7932cab0523b0e080e73ff6629e52ff3a5bd96789bdd5e8a06f17e75ec10922d,sent
0xaA70C3d71c0E677Faf9A8e7dd3AED1b3B1b8A390,11914.893617021276440937,0x53262770c56a16e710e3add7c2582c1f6f9d0aa1a1c6d849de1cf44350e765b1,sent
0xD81C42b0b1e10BB0420120194bE3bfFB58119148,11914.893617021276440937,0xf739ffa4bacfa2ced858c98a85d7c42ddc326d777c25eccf9f7fc3c4359f0b38,sent
0x486304Acc33c701BaB56C427d4d8d3CEC5a4f7D3,11914.893617021276440937,0xe3a8da17bc6d94f5a3fcc568b853a234642b1e236ea9883a7d87b41490e03867,sent
0xF9288F22f3db2C1D9c2f28246a429dfcf2000B1d,11914.893617021276440937,0xd9ce49da41b8afd90a8f231d53d24cfcace7b688fb7636f2346429ef2fee8199,sent
0x85184322475Cb24D3F295efBc5B8c25790397d55,11914.893617021276440937,0x3706c23c7a526521e082080c5225f39cb93344ebd625b51a126f850cf56cc875,sent
0x75ca4f276599590088AcA656F64b5E3E6d9454Fd,11914.893617021276440937,0x225b826ee522f2671b48b6a3202d44ad70704d9c93cb06b24e130a9a2682cd78,sent
0x7Fa7D32e73BbdBc472aeF932c87fc13644De024F,11914.893617021276440937,0xa6e3a44a959b66412166eadb0e7326c3c37c23bade3781a4216722ba20878c43,sent
0x00b8c1e86ca2c4Be1A768A4a001A9406509b6BbA,11914.893617021276440937,0xa84eb201927f5f11adf3ad405ba232c4b756de774163a9a89aaf833fa3d7f1f3,sent
0xCE7cA348Be9f09430877dDcD0CFfb6aD32bdEd99,11914.893617021276440937,0x1198a5dd930d6bddec85a8d43f09160bdfc9eaa3a9554aa35401dbe48fbf82d9,sent
0xd5F32D4284764AE27a63AD39e89BFe4f1456f112,11914.893617021276440937,0xea7608ffe51de83cb44ff7932a87c903c6046415ba7af22454505a4bc6325475,sent
0xe61e552098061b9A8dd3501fCB3831588ADAE2F8,11914.893617021276440937,0xb20c1fd69427b6ba79068f9ecb57ff2856e4bf6ff044becff313e608d4db19aa,sent
0x3c0d4E164F870c4d8D7e49b897feca48883ada68,11914.893617021276440937,0x1ce471f7807d7ef150b05a2371e4abd0b7a83936bee5fcedb9a5dd94b18bd9cc,sent
0xCF68e6Fa72eEFA4029366969eD986c15263eC311,11914.893617021276440937,0x93172fe6d9f5b465aa951e291466cf1ae07635e7e279cf6520234cb3782d8710,sent
0xcEC5bd49479117E01B23C25DCD458Bc8554A2f0f,11914.893617021276440937,0x8b37a7a4020ce44a8d1cc81f589f40bd7769a7571c88f27cd108530b5b650dc7,sent
0x9bAA22BD2862B97D3475F6d70dF99Aa1F894009E,11914.893617021276440937,0x6c943b090e2f09a8d0f99c902085ce8c6990e6afacf0eb9a3d254335f19e04cd,sent
0x0286032CDd2ac037899CdC1Feb06bAa6c6f52D5E,11914.893617021276440937,0xc778192636f5af477516f97fa47b14eef2ee3efd5fa8598c5f8cf8f1e83be4a0,sent
0x272989961C4795a16803d1B28c992AFEFf52f3EC,11914.893617021276440937,0xd7426a1eea170c103bef62ad55c3c1c88cd73da37f326709c82ef0aecc6765b6,sent
0x678110d08d8dA2D4f55F5d6f0F508d931D0d8c19,11914.893617021276440937,0x41a9f1dca9d1cdf9af3cc89adf5a436fdbead8c9c39dc8c1364cb72ffb7e0e74,sent
0x368662dB50257C300137228C607865116462A6A3,11914.893617021276440937,0xb713c7503e91534c368bb0ef90b96f3cb74765bf39b3477b7a147e7f75c6856e,sent
0x20360914E40C4B6785fac297D2dFB1fb98A19387,11914.893617021276440937,0x7e812f9f007573be6e5345ced51adc23de6dbeca7df2a07079bed50cc69aed84,sent
0x9CFdc3e7Ab156B7977C753eefa60062204407045,11914.893617021276440937,0x498607f00d5ff9d88ce6e5705c49cbb7b52e6ec7daf7bd43f37369212d2bb8d4,sent
0xf5948068ec77F59CAD4EF09C8471b40D9deE6372,11914.893617021276440937,0xc689e454ffe1a744d194bcf65b893675bc5bce02b0292658f082ab77c359df2e,sent
0x37b11307d597fdBa442fFAbD4CdD5Ecfb2b3d950,11914.893617021276440937,0x9b134d943af445c6cf5c96ba8ca82be1f7611c6a07e311b8c72068d2e9d02350,sent
0x495A72aC314633FbA83540b772B8F1c000c7fc97,11914.893617021276440937,0xdc03456af6598bab2ad04ae52e550902f9ef597a713fca00fb5921d292365807,sent
0xc577e66D9a6120c86911309EEbae4f3D4C09f449,11914.893617021276440937,0x01b9eddf5d01813ca13629222c554fa9a9d7e8aec78630286f5bd33e89a4b8ef,sent
0x7F3aBFD8b55a6ABc75ff98e2fA590E30597892CF,11914.893617021276440937,0x146a7862984a36960db6189e8190db64c50c432af0ddc9ec5e9eec65a519e53b,sent
0x38f85BAd0ffB1F8661d04CfA574fB51465D418d3,11914.893617021276440937,0xc615281568a4aba30f60a471554efff7c639a72ca99384d84aee2ccd708076bd,sent
0xe3e7836ff26C19E925ED9d5f9eA9f26bd705ADF9,11914.893617021276440937,0x5de9e0a9611eb69b058fc638fc595eec0606c55c02b9f31d27e0a2b94278e82f,sent
0xC0DC421cc12ed3a9f22eCba4c71E2795F972E673,11914.893617021276440937,0x0bc2378c5d265800a41cbff01635567fe3d73a098909977ac3bb7c336d518ff5,sent
0x9b9365AA4506374aE42dCB288D1058C84E427655,11914.893617021276440937,0x316de4a7d2aa6a0ca11632901a90c912063c6f776caee2ef51ec21c5883e7080,sent
0x4F5Cf3d9f16418c0c04A060AcF39cC0BFD3A8ce8,11914.893617021276440937,0x122ae2bd641e99d55241431b7c2bb8290da7d72cb461819ca7296097dc1ba8b2,sent
0x1647F61c93727fcEd417543de39418A0e7a4cd3E,11914.893617021276440937,0x9326f945642e105a4bb8d565a37fc90fd25c53ea62f958cbbb9ace6304adbb23,sent
0xeFD5ec7f2463B02e3A1Ec15B30407E917C7F58F1,11914.893617021276440937,0x2b29c1a512354e539f5812731273968408897bd8cb66e735e20bfa87650cac9f,sent
0x4b9116963BC6844A270C5eDA4cD675E25ADe14C5,11914.893617021276440937,0x23626cfb6888f0f5c02287a5a21f371436c6ffdf96107d77eaf11faddf1e0979,sent
0x0065DdD5b5faB69DfA4602250c4C37378dDf0151,11914.893617021276440937,0x474537b1071da5e2b22ab5f1f227b553c000c1382c3988f26257bbfe650ed629,sent
0xAa9f6f57852Bac5c091AE530AfB505e7b44f23C1,11914.893617021276440937,0x04a76f1875fb59ef7335f91409fc884ea96396932181b3432df16ae0c31c209c,sent
0x2A86F40C19Cf2e41B7918809C4884A455902f76E,11914.893617021276440937,0x03880e8b41e475ffdc563525a4121d03180519af4f38c15e439d8c19bd37ac6b,sent
0x87d595523729cD54f2921C0d9B9354F4B3a96e7D,11914.893617021276440937,0xb02375994bed5f8fe22f0101fca68f4c5a8a098f486523effd46a1200d7dedd4,sent
0xC756dAb61F6b020171E85Fc15Db26790D20bd43C,11914.893617021276440937,0xeb3d364ca2d21053e102a46066a0ae87900aa2d1a0236da089cc578c521c3de9,sent
0x48c8012cD676c4BC64b8Cc56FCb52Cd2d92E8480,11914.893617021276440937,0xe3d0166157d4d332e5746ede81eac8a98ffa13769cb25b96ee2dca32124b2fc8,sent
0xA4C28A9E3575EF3c4aA58ae9d5D74432471950Eb,11914.893617021276440937,0xc4e7c0cf00b986faf1720c6a8b50ca4ff63db661a3655e6be797f6816eb2bf88,sent
0x535240e4CF5111Ae86e6328CE1bB3624721CF2Ce,11914.893617021276440937,0x8ca7761d232cf78ed1839ec6c5590f5daa3d6c7dcddd8c285c66b3cafefad476,sent
0x47b32F7d0ecaD44a28B816159383E7Eb8F08417a,11914.893617021276440937,0xadbe896ac34dbeb6983dce1905db57c3a27cc3b4d4b078aff0e6f09719021dc9,sent
0x66aBfa6d9f26267102fdb763450A5215d38A5AfC,11914.893617021276440937,0x40e4bbe397bd938c43a42c9964a3eb7edc248d4cffef1a1c4c30caa248ed7f04,sent
0xa95e9e55d7454204d26237d768cd66946553D9DA,11914.893617021276440937,0x601450823c611a2f6a5ab2249b95af12552728122ad1de9ed7cfb6faef7b59f9,sent
0xb931440bE54AE7cB742a6A8F5Bd1658458078106,11914.893617021276440937,0x771b95e5362e082f5553ab9e836a34b3d6ea21ec37120cf7d4114315a739ac07,sent
0xe24Ca0D39F7F0de3fDe3F501C77cd3edA62711b7,11914.893617021276440937,0x5d8ca858b38440e224d8567323ed378288abc4c0a73dc787c0672ce1b7f366d5,sent
0xc1cF641e2f19D3E5DDE57F8e9886EE67c06b5BEd,11914.893617021276440937,0x6e527c95469af4a90c97af753b61d7ad3849772a2da6fe6c079031c44389c458,sent
0x45EF2f948409cC9aDBb036fa45c837f5Ef950537,11914.893617021276440937,0xef575ec8787232364ab22febb29dd7e1cc92a8bd384a802c75593bc5429ed420,sent
0x49db6d096F5B2A837f696b005f85E9a3820CeeCb,11914.893617021276440937,0x9a2ab77c75401e4764af823f1bfcd11f40fd287a169bdf4c170507ae777800d3,sent
0x6266c26C502c31A5e0F28F84Bf2BCecCA8d39c09,11914.893617021276440937,0x8539bc442dca57376e29e24f1353807b1abe1a1e5dca1062bc249b573e22fdc6,sent
0x06F6f1E7CED3Ba0250B297DCa448D746315E0d31,11914.893617021276440937,0x95e843f45d5c8ce355661978fc5e5548f129d070e790c32cfac1e05d25704ad2,sent
0xa594cE708Db1bc900b9072D24A2ccf153a5D65DD,11914.893617021276440937,0xf467eaa24cdba4ca9acb01512f59b8967c99652b467dcd22739c6b8b27ad036c,sent
0x16A12030bBf207080882e32A09355B67186F8ab0,11914.893617021276440937,0x48bc3a751c9f88252568e13ced129a116c37cc06166b1ed4bae7970e0a74055c,sent
0x848869F62A13bCe6ae1E676D2323162e9457C228,11914.893617021276440937,0x169a20177fb0d14bcb14bb4ea11348aa8495a192de5185ca7250b5da94040ea6,sent
0x85EEBfCD4cdcb7E2B6dEBbB02BFb20fE7AD3b0E3,11914.893617021276440937,0x94e7bd383b925488ed336d34b7a694d9e7ef5fbfe0937b7f5e4d36806971f23a,sent
0x334D79e242F0947cB952E562730E551c28e060cb,11914.893617021276440937,0x6103ee129a673bd64ca4c9744f23332f01751e37eab3b4c7fe46e2bbc0b47db2,sent
0x7cF42FF793fE33B7Db513b177Ee0705AfaF2d6F0,11914.893617021276440937,0xe67c3e80ba1b0696965e66d003374543d7a5abe9538b18fe5b8853daa23bac6e,sent
0xE64C17B6A8f3A242dcD2F2Db5f2F40DDF7Ad369B,11914.893617021276440937,0xbd2a3a56ccfa62f0d92fa5f639ba191cdd07fd8ff4b7f473e777a13fd80f6108,sent
0xfD7E244C097c917EcAbD9Cf5CD4D5f56f4c616Fa,11914.893617021276440937,0x8f48f9aa726755798d92cd25ce5be8a2e68c4f4dfc65eeb765c264c5cdedefc9,sent
0x13807fC8d94aa715d300ff9091Ed1cD6f4B936e8,11914.893617021276440937,0xe2131a5c9554b1b03269d0cb41cdb726efdaddd5373288e4d5f961448afb3c65,sent
0x21e3Fc9Ce0239A0A1bE618b8b938F0a8d33a6ffe,11914.893617021276440937,0x334e472a4f0e8f3d39c0c403d3922eada5c83bae9edf17e3895cf0c06dcd8dbc,sent
0x0f404C24B86B3544EE39eBffC33Bfe5dF81b3548,11914.893617021276440937,0x5b62ea326d379172a63c4d9a22d74fc78f34a0285fd2ea179743ba12f741877a,sent
0xf733A390ec43B18025D064fC19b1D1b2eDb9A73B,11914.893617021276440937,0x99f6f6ef49d422815635c59389dc967c7c41a2cff53f3059f89fdfb80fc4c91b,sent
0xf88FaC64BB4D77dCd2778da145480694307a43F6,11914.893617021276440937,0x4c3c46aa4159d0585ede6692caf0081fcb7fbdb5e023f2940bf154ab7b22e8ef,sent
0x157f895c8784C6C194B437bF5B107c6e5f014E27,11914.893617021276440937,0x5c3ac2adaa48a888ed780c0c68c9e4a7882796bfa583f07d802408bce051f1a9,sent
0xB985596083c5ca9600d809D2eB8880c3a2Cc92f0,11914.893617021276440937,0x96621abb759adfbb521315f1ef20b1f497e7dc8a66d8c3b2f665bcf6e321f636,sent
0x444a50e821192d1EbEfb2B548f9fd3E33DDB0a9d,11914.893617021276440937,0x76ad70cb7533b7bb91c39b74526031ae7c653ab8589064bd7ad3306b21244125,sent
0x9d978e14A76549E31Ca7FC2108729570bBA4c3Ff,11914.893617021276440937,0x86b60dd9e2b6f05be9292d38cce5c6ada809938e9750bb6097460322d7ddfde4,sent
0x17aC58a8093609a26D042b9C7Fe096eEa7f344c3,11914.893617021276440937,0x43495af4a067407171b2392fb108f60ae297f6a01950c3a56d93f17100db3179,sent
0x01c0882A77C1aE04E36D7f0d3eD11993edA79Cd1,11914.893617021276440937,0xf648d9788ae486d5e76c1535d3eff58d7838050c9d51f6289f62af28136b35f7,sent
0x1241d862438D6b0e0305ebcE99A3601a71490139,11914.893617021276440937,0xb195589bb55f07922234c2b1fb625bfee89966993f7c52c13dd13980dcf74fac,sent
0x1381f4Fe7e9BdC777281E62eE083F5C3e8211973,11914.893617021276440937,0x43214a097378964bdedd944a4aeb53e287a520eedd7878be2770fd1e57e87857,sent
0x70336AEb7171474d5fC036f3A364C1e86f3Fd93d,11914.893617021276440937,0x8de28ce8204840ce4a2f05964c2c302eb0e565e29e62a37331516bfb32dfee7b,sent
0x2889B631eB0C9FDc1FFEDb7b810D102f6AFEd447,11914.893617021276440937,0xa2a5acadcfa6d72b98972e5342d5a4db7e33bb80942f43846f421e1e4f761742,sent
0xD4562472acC51b6A13479373e073607E85Fda34c,11914.893617021276440937,0x77d82de7495680fa0cf3052f88fd45f1ec5632f390c368a1dcf416323b7ae243,sent
0x67b00C168D2470D3aF176866B454A366cB406699,11914.893617021276440937,0x3645235a7ddeef84697553b5804bd194156352d1b6eda7f5a247adff4428122d,sent
0xa8134400C90bF57E2BB5faF536B126A63006647A,11914.893617021276440937,0x46a5a129dc32f7b442d3279ed556df301f576efc9b0e53ef37ca71d1a4673acb,sent
0x998Dd08673f715CF69252Ff054FBdbFac93DbD48,11914.893617021276440937,0x03a853bd1f3e0b47a77cb82a9241963064c53d93210775c51eaca57200a2afea,sent
0xF8Aa39723d7553B6F1c58B192b7f8b331A73d202,11914.893617021276440937,0x50e10c62d52c1a393fa429a691536afbb819083a47199e6145e53c49c864382b,sent
0x0Da246cFABfdE6D1f43A06a64460eBEce691E6e8,11914.893617021276440937,0x6252747099fbee2705f90077bca49fa2884055c2c114771d9fe1db572e328b29,sent
0xFBB7aC3B3977fD0b0bD9C2de90DbcC25e4B9BaAe,11914.893617021276440937,0x89fbc3091ff597889bf6f4a6a545693ab4000ca2dd6a24b721b7b1f883b95053,sent
0x32EE12d79e47F11f2F2614a8f5DC00B9323ea00d,11914.893617021276440937,0xad38c75c217137cfb99c925527d9b396168e873d4311b530f3399a7d0e4f2fef,sent
0x9dA77DB9e189C256653692477D211c7EC6daC4AE,11914.893617021276440937,0x5f3999405278bdf8d7795f2938242f9903ef37bdfe563ffa40dd1343253e8f49,sent
0x623E3efD4EfED458d4FfF5839B12445ff7407a98,11914.893617021276440937,0xcdde16ef1d447588475f7b382b535c4cb7789120752aec04f5b3d4b928837379,sent
0xE1609eac5b2182C03B2C6f567e79A2687A7b12e9,11914.893617021276440937,0x549a29cd6fa78376bf57c03579156492208811dee3748fff5180453f3412d771,sent
0xc0788fd994C5517DF5C69fE62f7aAF992B489952,11914.893617021276440937,0x94e8f4236fff430b9ec51b679836fb40a87fec877d7190ef55b3fdaab28d4128,sent
0xD7Fb0fD655187FcCb40796c5492f87e26732D804,11914.893617021276440937,0x4f737419641ba22c730e139072c70a6436344f64e7b8fefa7f77a8314d302dd1,sent
0xCf74C1ACcf9309B05E7FCE4Dc526e8e986f6d781,11914.893617021276440937,0xa3e84ee284e9190dffa67b7e67812f494235483dca6a993501a249e9b31855d8,sent
0xdA8649783fB5E83963f7f513D83E7B56056bD13a,11914.893617021276440937,0x19b3d540f380a5efeec4806ca75f49db7a2b0ee2c9ead676c66e2f6eae13fb4a,sent
0x75F252D21C956E1325a290B9C7cCd369f845D93E,11914.893617021276440937,0xde927d5a65babc719d725ea46f8f9ffdb4ecb166829af87eb6590466ccbdffa3,sent
0xb6b40A2ebd008eCEa55093578bF07CF18Be51796,11914.893617021276440937,0xffb5ba4a37d9edac5324b7b432778af50e85f85b90c3a759f1531af35d245c44,sent
0x5153CB0137C57Ea5f6BEdFC9b96afCB60142Fbf8,11914.893617021276440937,0x780bf3f167da5387686f2cd3e3992d371c400e9466f200e3ecc2aea90bdcb073,sent
0xa979CCE0839a149480Aae674D1aE9E70316E5451,11914.893617021276440937,0xb1cea1ccae8a08824f2d204082ce7e8d9842308199bba8873c722fbe42e40cfe,sent
0x241D110582009f4Cf8ADd86DD54De5448A7F8D0A,11914.893617021276440937,0x85c1e74abc6532c10cc09d2195caa9ded0e437be1d8e334b5d4e6f968f2d448a,sent
0x6313fE1a745CC7bA211a520B43b5daf238AfC517,11914.893617021276440937,0x8c42d98912d2354f07ab1c74933d5e98960c141f96e2985cb40c4a1b31f4b40e,sent
0x1fF840a64419c76d5d029dF66FfDE9a1C5d26fcC,11914.893617021276440937,0x75be8b4bba9947b1152a85178947fd4cc26e89b7d7b04cd48e64ccd0b8d38910,sent
0x729Fb117f98B6A2DCd6c76f26FB0C33f2505bd08,11914.893617021276440937,0x8699b5fa2d92cca0c26ac763b77477c09826717e099fa7176c6264c7ff1fc6f1,sent
0x2d142450E9fC62EB84969EB3545BDC1b02335665,11914.893617021276440937,0xd2aad513b8b02625b456883fd758a17b890d56c4f4041adb5826867faabfba5d,sent
0x8e820192611A1e35B8DCa9AA56394c81A8acFd56,11914.893617021276440937,0xf8e164e0bcb40f1e61e4bb5b89c1c43ede83136a05a080998eda842ec1efb41e,sent
0x6BF361fa1AfDfeEF224a01b30Bcccb7E4Ab1d18D,11914.893617021276440937,0xbbcc04148a49ddcf8f2f1a546a65d77f834841968d58969bfa7724d5bebea5f8,sent
0x6EF481769D70570eF3394e0a055E26662DCccc27,11914.893617021276440937,0xbf3154f2f41dee025420c04d686d6a878cde3e018d6e48747f027f96e2db4af7,sent
0x9c91Ffdf1921bEB9924760816E5BaF2daFAD384d,11914.893617021276440937,0xd95d0aa24dd4aa774d3e505a12dcb97749108beba19403686ec0e3f3832ce426,sent
0xd1938661Af774031D700c8128DdBEEf095cB9be5,11914.893617021276440937,0x54bf514742bb027bdad98dd704a17958d8203336c24a7570b2ea507eb0c5652a,sent
0x9F09646d0cdAB9a8fFe4aE6372722f47fFdCd039,11914.893617021276440937,0x10e4c09e276d58b97dd229a95bb24fe899b6906c729b060e27f6aa6b2da37af7,sent
0xE504E309Ab6b86e0C118e22dF9bD67171fDf8A0a,11914.893617021276440937,0x2bd86da2917c40ae459ffeda333ddf3aa2544e409870e7c1f8e51b665d450459,sent
0x3315bB14923009Bc71dD4becf734591B0c32FE58,11914.893617021276440937,0x560076142032a1bea44f21ecb5f5d6dc711f39566edfd95cb14ade9a80123b8e,sent
0x6d6cAD75A97D159E8FeafC73b10F16ea1e5FF258,11914.893617021276440937,0xe269096dcd2eeec63764c9acfe355c0e8812a0c34301b58fbc89b5f7db00f278,sent
0x10F83Ad2Cd618e77e9Fc71C2D26720Ef41521948,11914.893617021276440937,0xf4f862d87a3e882ce4f815d6f9e004adeef3cfa37263cbee45c73729bfa53883,sent
0xAD887550bb145221a8d8D5236ecd37FD0d230E17,11914.893617021276440937,0xc675d129e446980f903339b7277e8d7b947ba5eefb9ff6fbea8dd26bf2d0840a,sent
0xba3A4b66c19bBc96ce1351350543B2abC8AC2A46,11914.893617021276440937,0x614abc54f324324e8a01ea0d8a14e8342d1bff7bd4f45c6063318ad00a873f5c,sent
0xd2E813930FE864126F07FC2607277cD8F33631Fe,11914.893617021276440937,0xb0d89c979256d40fae2a72216c32e297d68104cc09f7414579aabe8396145037,sent
0xA8b02Abd718ef17cb1f6B9Bdafc7aD3815cA7217,11914.893617021276440937,0x011ed514c5b764bd8f01d94699fa53ad243a35f1b6399de3a4b7a1bdb4b73916,sent
0x6398C3b8c6FBB4eFB20877238B3A67f1D4f5555A,11914.893617021276440937,0x29b182052293764d12d25f000b4a8d2000f19a2b2e666bc5da0abab4f0e78362,sent
0x2CC1E1e48a6D15cF816Ab0DFb5ACcb69b6a0eC57,11914.893617021276440937,0x151522f9ef75ab8eb1017d3d18efc5a169a195d238fc9dddc5beae2d0af63b17,sent
0x81D21E0f6D1DB318528414070Fc6370e102E9E8c,11914.893617021276440937,0xaa686b401a47ca7a6ad52d34f46d058f708ee9e128ca3ebf957513f33c801486,sent
0xDdD25249EF9b08DEcB63D46032b9D0C07e133A41,11914.893617021276440937,0x881c9a25fb09419eb92169f37029a144cc809711d66bdf9fed91c67cd8d1e162,sent
0x1Fcb4AeED285dEd9E5c9e16Cc240925A41A7C9d2,11914.893617021276440937,0x8d497c6b9c43819b2f2af0c7ba78632efe9011bb66bb648018eef90d392a9f9f,sent
0x1ab5a69e7DBbE189bA0226f8009a91eB26D1afdA,11914.893617021276440937,0x1b1457ac7e1ccac8d3db93ea4575cb2d3a8c0283c6faf711d068f0c65a5476d8,sent
0xEdF3c7906e85477517Cc5Fd3848CA412A83010Ee,11914.893617021276440937,0x757c7f8279a72c2322a5f3a91461c8c77f2251eac5a1b2e15f40429662204d06,sent
0x3E458Ef3A4a75a73dd5eA07C15b94DeAfB170AeD,11914.893617021276440937,0x9a862bd44b56743deef1491a9d56e69f4b049a49c4a5658c510091d237fffccd,sent
0x5d19C15D7751c01b286FC77111B1eC016eb3b22e,11914.893617021276440937,0x7e2d7202551ba130ff73ce8cb5a4a9506ba3742439a46beedee2e2078d9acd2a,sent
0x17EaEFd0Ee5110b2fD4E8278c96ED507417d92d5,11914.893617021276440937,0x7820a7869e0a2b2a167f68e2279256d0b4a728569331bb9b78723bd5fd310245,sent
0x97304Bb67323A40f80B10f5139f1B43cc5A13770,11914.893617021276440937,0xf15c951ea1707aaeb7e9147cd4a9e25003590a04c0f0dcb9e14aaeed94535a68,sent
0x9Da14bBBe5CF0CA01Ea46462482498eF18e98240,11914.893617021276440937,0x3ae44dcf34214adddce76abeaf7a3ac49c697c50e8cd866acb7e3356ad6d8ad7,sent
0x6ccB5324c0165F57334bC7be8118A99d26C7e437,11914.893617021276440937,0xe49a84ca87f33ca948a477dd17ec7af0a66b1d00b1f48923b0f61ecf55545f48,sent
0xa60Bff6b247124C31497afE4f8E89b3DdcC5C178,11914.893617021276440937,0xe2f8bd724c149bbfb065a1a789219ee84d9b24f1282f09964372db12fc3db12f,sent
0x965cc082156bcc611FE6F8a7767AF82A48fE7144,11914.893617021276440937,0xac57bcc577a8e3069dce466747a162e22b5d8b30ea951b30060d435ee02905ee,sent
0x8769DC8AfeF06758A1207CdD28379C04B10FAdA8,11914.893617021276440937,0xb8bfce60233a9d9e5b78f40b7ee8645e81ecf12ba8b89d8288603945269c4a10,sent
0xc125d4686e9487A156A3e2e9AF9013c817EF9a65,11914.893617021276440937,0x02d3884fd93df88f3b44431add2c2de4221ab99d27e594cf7c69c055c4b41f5d,sent
0x469f958C8D9A99350C8D9e2265CfD6d46fC63C2e,11914.893617021276440937,0x3145a0e6ad858ec55cfa68c3a59cf1d824fa9322895406ca22a4f8a855e8b7a5,sent
0x3055Db4868D3038E0e28273b46a98e655aEF324f,11914.893617021276440937,0xd1da7a7df8bfb1eeebadc435d23c4d9af21b81ac3c7f271fd03d8a4a80f65c1a,sent
0x2b92a2C376B964806cfd9A82174E42742363C80b,11914.893617021276440937,0x77584da393d48d6c3479a586b0a494ae362d51bcde4572077b13187d1eaffc42,sent
0x6A3fD66a804f99A6f25458dFCa39d5ff6eF4F92d,11914.893617021276440937,0x59e275b643663ad1fb8a830916b0f97b5320d1ca4ac5c210340c7ba192ac008f,sent
0xAd8eA6602E620Ee49b51E85B1eC63D52887207f6,11914.893617021276440937,0xba203c749959aa1bcfab5feb9406ca8fb3467447e9370ee44ea7c093aaf036a1,sent
0x956fF76236CF07Cd3D4fC261e80DB979fEdFAdCd,11914.893617021276440937,0xbbaa7bc1de77d8c87a66cd557a1d7294a1c61822582cb4d79018e93c9a5b7d5b,sent
0x11c0412bAEfA40510A529684680bF530e1973D59,11914.893617021276440937,0xecee8946a67084a2b174d7bbbae51f3021b120a55a22c641d9c69ae609e87200,sent
0x5c5049C9d08E387C0B655849dcdE3A2ca16C3763,11914.893617021276440937,0xefa5de079b8f83e6a869950d9634acc64855ea57cac1f5fb74b3b57a7c75d955,sent
0x383BdD9c96E5eb8BE4A7Ac0737c89A4ab94400F1,11914.893617021276440937,0xd70f6e102e80584ef0d05021f723878a6d762e32fea331c80fa33df7c536b046,sent
0x19fD6C716F73aF0904F2F3FcCB103a0505F4722D,11914.893617021276440937,0xc39a5db32b8d1bf228a527f9a8efc1eacd0c6ff285a6a3271a444ac5198513cb,sent
0x420Bb5ADAd1f2597b3065A1A7b4Ca446a81fcd90,11914.893617021276440937,0xbd57fbbab12c782ed95d5566e58bf58b75b0091eaf8bec6bada65d9692b71ab5,sent
0x0c04c52e84692CdC4a3B4b1062a9013a5Caba756,11914.893617021276440937,0xd1b4342cd3eb1d394756cc3cf83b08116ee35f027e018c3e0344921a9b34d000,sent
0xe038Cf1959F897aDf4aB8FaFdF61cF1bAF691960,11914.893617021276440937,0x6dfe42d3899a1e38a1bd9e84864a5958f1718943bc7eb1fecd604ddc03a9d05e,sent
0x4427ba9008B74863705aB5168d7086b19aC901De,11914.893617021276440937,0xd90f7783e6897b5c11cdbc0fd1c3a5cca83440dff3fc3cc3c1a6aa5cf1373276,sent
0x3AF4A777125f8a67026d23b5F10D325b8CdF44Fe,11914.893617021276440937,0xa7c4a4538b5352f3b66eaafa90678d91c783ee3e2eddda56e82de66bb12f3b24,sent
0x64F65b551B8B9674B3B290F422588ee16dE01733,11914.893617021276440937,0x826231605e9238c08f9152d6966333298e2c0530985926652b04b516b394bbd8,sent
0xC1Cd65555645a52F80E5a677886afeE23C33A4F2,11914.893617021276440937,0x9a27559f3abddd5ff8fd9d24a732062d3130f3b67941d5371065ca23defc1dea,sent
0x170fCcD67eaF284329333Da48D907fC6299A78a4,11914.893617021276440937,0x67c2fc40ccf7d126c581836491c18a772f4b24da54e7aab23605fc8b6eb65da4,sent
0x446762aF96aE4418b968a7625CC284BE3D0FedCb,11914.893617021276440937,0x8761fcbff3690d1be75b56df77f679847e0d39698438c2be763a9199a1957751,sent
0x3feeAbAfe8dEb3486A87e984060b982889061443,11914.893617021276440937,0x200d2e0f0510c2c1ca1c4ae09bb780d72161c4628870a608a17e0c4ccb13520f,sent
0x479bC4a55288C09ad9c76B321d4Dc01e916De68E,11914.893617021276440937,0x6567849765cd7d5effa58f348c93c4f909fa9ff3b0b5b258638ee9271375ef05,sent
0x8bf4954eb4D4f7726Fb1bc10E7b26f9BC4138a51,11914.893617021276440937,0x57615af82902de1f89cd791dac9fcb562a113d9c99b0204a94b0db095c5ed713,sent
0xb5AFbc89aA1f2b3a5F6329CD7151E9DD25981328,11914.893617021276440937,0x77c987d9898bf743cdb862ed07ecbb965414c1e44f525a1410d5e974b8fc194d,sent
0x3BEfe9e20488d1252bc2976C8C7b4Fab038fCe59,11914.893617021276440937,0xefec562b8222076231a8567301f14a85e9d8d5a56a63cb45ec49a3623cd8f6ee,sent
0x4BA80604A5A068F259277F73576663F721ED46f9,11914.893617021276440937,0x1ed746f33c3243054052646542f40214f93b68033e330ff1ae4a6c3bf7d7d3fb,sent
0xcB5B6Ad2bB2bd4a863Fb97F2279eb4a89Ba427C3,11914.893617021276440937,0x0beaae9bc69a28d18b0189428f9eac411430798beac898d70bff2716b7c08cee,sent
0xFDeAE26c0E515F067F15BA94fCd415d76aBb4b6E,11914.893617021276440937,0x80b040d0627198c6c06f189612488335b58c61ae55ac2959a8e69e83f0b9ac89,sent
0xA6b2B0DE6B25fE76cD3216E4A318a5c201bcBf65,11914.893617021276440937,0xf9e18a680688c880e035747adfe84e7adaffde7cdd49c15fd1003b9cc141326e,sent
0x48067640e634fF5931B85e29744431fA098cCbFd,11914.893617021276440937,0x62862a06fc5dd6f14705c3ea32bb410f4e1e83ffa6f524b5ce6b7352e4cfa852,sent
0x16E9762506421256Ed75A9DDc3463D4C5A699206,11914.893617021276440937,0x2d1c16d51d48102efe7902d3f38506fd68b6f319ce283dec33ea98d5ee847baf,sent
0x1Fe2029cB535C244c924165706406a046beaf5b9,11914.893617021276440937,0x763ebe7c221723a75d00bbc61f9e0c0b60b33c3f61dcab4bd5c0a52b48c56812,sent
0x39C717a66C6Be92219Ee1Bc6604f04438a3E7fFc,11914.893617021276440937,0x17b80c1e1405e83eb57f515d81ca28dbfaa198eef6d9cc865ed65d836890f514,sent
0xA083f0E033e23217C7278fCc3629786FcDfEF64F,11914.893617021276440937,0x398eed644496f12773dd416641e80bac4ead2ed940cfaa200751a410a5a8911c,sent
0x83c33fC6fAac648e55CcC02524E4b1897bC7D496,11914.893617021276440937,0x654106dac3d4a7f2cf91f5aeff7bc7a7a7b105bd5867cd582f6b77cb216ed4e9,sent
0xB52C028F94E2aB7738b5E736B9791256822fC629,11914.893617021276440937,0xad70c3db11ecf64e6861b36a5d2c3dabcbe07a740362440dceef26402b06ec2a,sent
0x1102aB51C9176C1FCfdE12f17E23Dd95C56632eb,11914.893617021276440937,0x170da27839f22b4b3991a99fc137f1fdfc18fea25d423930f507d2d7e7f1a7a1,sent
0x284B743466Acde7792eFB728638193F10e5251E1,11914.893617021276440937,0x843b6dd67e47371d9d5d25eef0d101c22b2b4646100ea0132e920dd1d120812b,sent
0xd14FF6d6AC1015eE38D1723a8346c21baf498270,11914.893617021276440937,0x06fe5f4d488c55ad4985981431ff4fdc4c0c3edde20730fe3d10cf16ec3303ff,sent
0x6C4e098aD80be48aaA0DBfe49AdE7662d5f33F94,11914.893617021276440937,0x1c7d45934cb68bec783bb2266c81bb6e4b54b106211d8cd69539f80ccc092b32,sent
0xa77bC6703f976EA460b3760863d30E817FFd7099,11914.893617021276440937,0x1dcf8cbd15eece92391a46d3b36241037ff40370592773418cd175406926d6df,sent
0x81068Cac442E5aac47046B9586A60D395FbCC780,11914.893617021276440937,0xe956fa79c0d855f548c6d8287ffefebf9a8c1d4839a914f6df758c2dad162ede,sent
0x160F40D38cDe6D825575D18f3ec3437338BB563c,11914.893617021276440937,0x5740cbbe3922ada7f9b8a323add21106bd0e8f734c9ce1a8f69266e4b0b7a920,sent
0x7a0983FdD382604F94843D9E879B037f9FfC0909,11914.893617021276440937,0x08bf81f01f663025a8b2a62a4c27c514608d2ae565566524474521cbd1f1fc0b,sent
0xA8F61aDc0BeBf44f84C12EB91DfAC103660Ec799,11914.893617021276440937,0x1a3dfea2f9409ee4ff4482735069ac2b96689db371a263d17a888338660259b1,sent
0xf0066c129d725B40F18b526CD4D3eAC379DB1f06,11914.893617021276440937,0xdcf0f1279a37ea65e1576165cf120f1a50b542be77854f5fd59d376e25e4697d,sent
0x7E0A28A8fDce88139415CA559EE370659b3824eb,11914.893617021276440937,0x7fe13d7e0f541d3e3beaad9bd2af53fb5119b60f07a2e0e3ed24588ea8fa6b6a,sent
0xee687e639a26F54254b02247a43576F22d199704,11914.893617021276440937,0xbeaa063d072213d0667fae60113533c56459d129f229c37402fd88db2caeba8d,sent
0xdcC5F892326E66B7151DDF04649c35c7A61A94D2,11914.893617021276440937,0xd3f38d09fe42b760c18a16e596b497407cea26cb1f6e3c23dea874d6edb7696a,sent
0x101329213E215363eA2Abb4775AE01D1649A94e0,11914.893617021276440937,0x80bea4b4a4cb5e4037730b8ad2f9b8ec90bf7bb5530f93ddc9b2b65a7bb8a481,sent
0xAa29BBa57292fD75256D9194e2167f750ecd2Ca8,11914.893617021276440937,0x2683bc1d9da969455b1ab2a995e6154e39bde844ffaf638ef6b8e21bafa2e352,sent
0xaBAA708b459159E0B13b0321A71Cc2Da859B7fD4,11914.893617021276440937,0xdeb191cbd73d8fc60b8c1a666a4a0ef7ef7d686f2b9186f5b67e9c44bc43686b,sent
0x3679a97aE284f8D4c4cAfcdfbc4C79d1e3aF7CfF,11914.893617021276440937,0x36456f940ec755e901116e00725948ce6ddd288e587bbcb67228732bf8d66d6a,sent
0xC33671B4d233b2288E9bedEd65405055Ff5b5A8E,11914.893617021276440937,0xa08bae4fae5f850eb7867c5ebac664091416de9d09ab9829a33f3524e9975623,sent
0x71c0055267eC0A3d371A5eADd5A583565C1b3bc9,11914.893617021276440937,0xf2ce6f2fd84917f1b9117278c8851ff72cd1ec0cee3ef2375a86a198a89ab07d,sent
0x8253840Ee58C8228d536e7Aa817aadb1D39141fb,11914.893617021276440937,0x41cfe3abbeaf3f9d08c7376ac9d2ffe0cfe5413d87838824e038a293eb5e990f,sent
0xd06a82E9cA3685192996b0eF54B7A700dC2a657c,11914.893617021276440937,0x54194d45ac2be061710d6cb8cc97a92adc9063e31e5b25a53f72aa558478cf61,sent
0xA70597ede3C1F4d310B7894f4997e4dDDC820303,11914.893617021276440937,0x9eca99b6c6527af9461452950ae41f742b83fec19ed26b7c70361efb311e7c47,sent
0xEc0a47EB2173A99c27c120fB1B034930a5f2e6F4,11914.893617021276440937,0x8e2c62a94d64efa453783d4a5ae37046377643af2fe75935c4bbb969c4ec8b3d,sent
0xD3cA155238B3ca4354B0b45b4acD5eef8B31C5f3,11914.893617021276440937,0x92e9bf15de2f70d3e81431ea97749e485466b6700665888aef3ed95d77e917b9,sent
0xdacD173980BbD3f6D74099054b317351fac616b6,11914.893617021276440937,0x79b09813e797f82686cd60331075b0a0bc502fe0ad629669b62ec85065d2f3af,sent
0x3ee233b185285e06649F7735B97F10E725753034,11914.893617021276440937,0x83bd17e36a66f4ea1fa1a33d362c4c4fd314b8067ee8b118ca8659df71c30581,sent
0x40fEa5aAd23DBa47391Df60A02F48f75D3a29dCC,11914.893617021276440937,0xafe54a3003e2cc3c924565e40374f5338b402b942132e4344dea758f17dd3610,sent
0xe5c524974081946Dc4d279adA599ffe370b7Fa0A,11914.893617021276440937,0x1b92aa12b284e54500e1cf08bc79ad29162197d723c521ed7148e162d4afa263,sent
0x0E6161165d741f543C9199940905Db3DF0a93f83,11914.893617021276440937,0x55f465a52cfdc8a2ebc28bee20d7e4c1286e6ecf8f921800fa2ff2498b74ab6a,sent
0x96995a61603d86301c56a549a2766d719bCDDd74,11914.893617021276440937,0x33252441bb208cdd43e8b0c4cf943ef42aa4b330aaff58151c8aec4048cf4255,sent
0x7f4DEa8D3199Be1Dd7F82A97293EA4A1F6Bba37d,11914.893617021276440937,0xf97d6a3c1f31ff77c7ee63852eb08ff24a8a99ae8fdb8e37bc7afdf97187fa35,sent
0x661CD39F2C78abbb42B91344ac1C81647C99Bc37,11914.893617021276440937,0x6611d3d2db15e2dc6c2d69f95ccbd5e34ad86cb685d0e9926168ea2914fe6bc2,sent
0x2036B38Cb4A7cD4355Cad70637A5f82E9365E8b9,11914.893617021276440937,0x7cc6940d808d5292b767593d2cae958b3f2a8e347ee56ce6b3d0bf74c8ef5ce7,sent
0x00Ed1b36FE5D43399a4A4D19c40BC4b6F7F1A45d,11914.893617021276440937,0x5a52155199aa353ad68b02200b4580d4bc30ab3e0cda8524c0beaaab60590687,sent
0xaDC3cF6515eCA6403400D3e60BF681f4c0b1C1A2,11914.893617021276440937,0xd36901a0e4cd3b01f31cc68327957ea3ad3f2fda5bcb526327cb83072a4184ea,sent
0x057B89F4A524708ceA097e81BF8dA58F75d273E5,11914.893617021276440937,0x035fcc35836ab538458bc0968a90e705c5af8a386bb12df2a3c4c3b631cc292c,sent
0x7f4C64ecA66cbbA54AD699e53488c3886a7Cb494,11914.893617021276440937,0x69ae9b95f6981d846ad818f089db186c6c18ae751ef2331edc9a47382de94004,sent
0xaae735575308828fff92B2e83A65F3f04D191c87,11914.893617021276440937,0x6b9e1887ec2d61ff21d58ddb84c85b7f62a68de28f05fda7d3350f2a6b72f2dc,sent
0x0b5348A595Cebe5aafd1eDaBC98c63Bbc51721a9,11914.893617021276440937,0xacf4cf3d577a1f566c15bd2c54882e1ea5847a9faf660d3735d19f5db895573b,sent
0xf9F9DC207d9b3a518370E1b885Fe957d9B29F878,11914.893617021276440937,0xef24cf4f918f24b2e92b2afe32ddf2c856241ac9d02d88d3bacaca30b4d775ea,sent
0xf15a8E7Fed40aAAa4C51a1Cd0bD5B5F462FC808A,11914.893617021276440937,0xa73395fe012b627155f80525a1875cf5e334da17f3ec7cb05e25955b96414fc0,sent
0xce81eb6Da649Ba17c7fA9B7285D4246764383131,11914.893617021276440937,0x5beeabfa557a8a9d0d64e97100b34bc7355f8b76e3911a1cae279b85d86c4c9a,sent
0xa873f26287b609B35a3F60d94bF159cCbcfC91C0,11914.893617021276440937,0xcb12531efff228796da1877bddac1595ce24696e1b2d3c4845993b072c2f3809,sent
0x2d464A321873b0f25B6E742e741C471FEAdB91e6,11914.893617021276440937,0xeb6e720bc0ffcdb9f9e16d6016d1a1854f21bf7e54d8e75d6fdad792504ee4f1,sent
0x0AcACbA22787528274ad0c2617f11Bcc5eeAe15C,11914.893617021276440937,0x20f6850106a4c5a63c22e7e30588aaf72e5110837ac3d6064dffb4250768cec6,sent
0x39C7266c44213CC724905F79A4076440c9EDE8f1,11914.893617021276440937,0x5fb28e9c0202b1f873dc9221274b54dc8f3f039d19c16a510f8267b2f74df83a,sent
0x020810193a1c1D9361ec152431Fa553a7E1A1cA2,11914.893617021276440937,0x694c44d90e0648caee62ab4b9996f4fbc5a7802b9f30fc02a4ff65f7bd43b304,sent
0xEDD8170CC1B82150d166dD059b6B8771B997cD4E,11914.893617021276440937,0x24f4650f3c50fa5df03f2609de4fc2e2595f119b3f7bd2158cf96295926d41a3,sent
0xf817742D2BDBf2F710bCF6E7d628BB5071344E39,11914.893617021276440937,0xb650bc6065b95eea03dd2e5fa90349b9808ad9dcd3434b2a6ee4f644185ddcbb,sent
0xD5360Ae5958C62A7189625DF4a9872d100BeDdd5,11914.893617021276440937,0x903af54c698b1dc79dbba4049956c1615712a3f6e76ca951967d8d5bff39be24,sent
0x617bC7080b2E716acFAC03D0d5970ED8F896E673,11914.893617021276440937,0xf031700839fce52f4362c48dc5f9645f8fee2096cc4cae07d46cff98be2cc6c1,sent
0xe8a1a9c92b1139041F51fDad51E146994BA52637,11914.893617021276440937,0x9504fb4837111d4588366331619eaaaf545babe81f4a0f8d37bdf691b98bae6b,sent
0x49933E97aFE2caaE2A7fA07489e46051581f4787,11914.893617021276440937,0xc001a8c029ac1dabecfee5e3fcbb0fe8195379ffbc49595fa8784c6a624d6bbc,sent
0xc373874111E95fb5C7f44534dFfbb8B734C7aeA2,11914.893617021276440937,0x848cf6b007918f6c7697231f37e75b40b2982bc83fbdd6766f17f375fc0529ab,sent
0xa7514D517Ec3B88b153EA904e407DfDf34AB3B82,11914.893617021276440937,0xbb921be98b25ed7c61e3ceb88b0ce39e21d1789df3ffbb2f5e2178e712c5d007,sent
0x0ABd31a4833474E4405DEc3154c645Aa0E433a44,11914.893617021276440937,0x9a9ac837f1aa58f30e115475aaaecbee941b39b597de3aca525253e6fb303570,sent
0x4886adbE430411D28656400ad26177f3633EB32C,11914.893617021276440937,0xa785964fcf59936646ac82fae25149d74c9b9f60bea7ec4bf4795b744bfd2c97,sent
0xD1EF26E46b5A61d883DAe9ae0E876c309D421472,11914.893617021276440937,0x6ff251cd97519d3843a5fd7d418a6e9d1f04d655b27b994a8930e3bac0941e2f,sent
0xF8C22aF800Aba8a58D05aA4C16Ef2F37529d17Bd,11914.893617021276440937,0x789d1a3f707f8512acc9176793b1a9af20355cd8dba3552e6b7ad711b0c99747,sent
0xcdEe1BD66D0E9bC086C8705E3991BBfC7cef2D8f,11914.893617021276440937,0x22b7b3eb676249fb92eb986f4757e3721b64f8269514b2ff20054442009f6222,sent
0x353A3212757d245F8dDb548D4d6F5960D73727b2,11914.893617021276440937,0xba1922f667c61faabf399a5c09f5c482322ad8fb379d3063c21526b27970c600,sent
0xa5AC9aF8CA2D7FC2Aa755e18BAD5F2BEAEd9aD8c,11914.893617021276440937,0x5ec7606b32e70071fb431f506caa4193a0cfe6c4807b68d7e50cf98810e4dd82,sent
0x875C41dc45feCF100f0b352891Fe959dfD3AF51A,11914.893617021276440937,0x5cfc842e5b4e2b5eaf3490554f8d8000ffafb7f9f0cccddc709017a0e184ab46,sent
0x84Fc86987aA97A031bF6f8b94F9b10c6161Af2f0,11914.893617021276440937,0x6fe82daf80bf9641f739e33da7b9a6a9e205c6d7ed214110ce961a314281c834,sent
0xB21584C570aBD5C8D1d2562A94e3Fd245C920A09,11914.893617021276440937,0x22e060e644dd5d6f8e0a9de0b1450d35c966383d8d97ddf9fcb981a9dfa38a5f,sent
0x27Ee25b066901b98C416D32CB147BFb3AFAae022,11914.893617021276440937,0x693e607b7e73c6caf51ee7b6ad17b85c8c71501c2caf5f690c070da67d25213b,sent
0x1cB9aA40c11226be944dCC0C7CDDAA5B49bF307e,11914.893617021276440937,0xc13245cdb5e80fa2ac1e8517faf2213c40c0fcf527351da74bc46b04a0e0331b,sent
0x8d405ABdbF8C7E0787003d9516903A10f4E5995f,11914.893617021276440937,0x2abed9ae09975506674907b28ae2a3ffcbb06f04511ee9f480cf3a8cba798e1f,sent
0x1d1Cae0D2EE93d686c0B41192EA38CdCb934c485,11914.893617021276440937,0xc8ba1b2568b9d6df88877b9585d12e64fc8d2fc554aa493db6190c7b615df762,sent
0xE391eE9765D63128F764b6192B4547e198c0F505,11914.893617021276440937,0x20b784cbebec16a25d5e05a54bc6f92154d6325809d02dab59479cf23ecad0ba,sent
0xbb65A16AA6a9Bc9954Cf5f24979332879Cc61Da8,11914.893617021276440937,0x23aa86c673f6f1b54e4967c55c464bc70acff980c827bb3082044b59aa3c69e0,sent
0xDdb2e12C02a12C08e21aC8Ce01f9a696c38c6d23,11914.893617021276440937,0x484d5702fbacfae06318ba64242d66260ce3470f26900aae938d109243000733,sent
0xcbB82704895601b836e07A07aEfafE8848C33B0F,11914.893617021276440937,0x669b300d897dc57cd50dc4ec415c499824fd3000a35615f8dabc0c304ce132d6,sent
0xf38Bc7FEA784B8F69479bBe6Ef8888F24c227f18,11914.893617021276440937,0xd52e1d9161e9e6cf074a9a1d87fb3245390ac9b74a03a7347fd7ac619ef13754,sent
0xFB2ddB1ccE600106aC2Ce7DAA16a80373B12A184,11914.893617021276440937,0x6ee21562d0d6e6c0d74ee67228b3fa941460255b228e62258fdc9a155c99c94f,sent
0x326b3f505e4691E612B3175f3869A014EfD97933,11914.893617021276440937,0xdabdf77e3fe9f443ea55878219d72d81de74ecbda76bfc3b5ef4dfdb1200fb29,sent
0xe64D0366B596803C0f80ED6616de20A33Cbd7e3e,11914.893617021276440937,0x9ca25240f90e1728bff2125c5d68398805e5ae6cb930d56845834bd0167a31fd,sent
0x284Ff966d8D4c86B42d86EF65c773D12bf008631,11914.893617021276440937,0x18040f64aafbe3250bbd2897f4608e1d47a9bd2f6c03497a25e4dd9b147d81b2,sent
0x4Ec6f4EA60d092aEd3fa9F7F2B135d011f15E3a2,11914.893617021276440937,0xbe8d0fbb5e5ba7ae5c5119dd3df8a13aca88830f3d9edbb8c556183aaa72cb10,sent
0x906B59361102F2B2d953ec78A7926B7d69cEeD88,11914.893617021276440937,0x9b0080d00f6ff616d18d8f29e5d8fea710c075a40dd0bc8c710981a74a02b69e,sent
0xA1b0A0C18931723b4268461850925A66a228C21e,11914.893617021276440937,0x00ba70a16c90352df8bd62ec194b2ab4b3742338223baacc64cfc3570b347e34,sent
0xDCA40433aa8090443eD1708275d5E81e82d8fD62,11914.893617021276440937,0xff94b6ad18e55ccb56e2cf00061b33d5bd06f2ccbb015a003b98b1df947de322,sent
0xf9C325750E964954c3351C7614DcB1BB5Dc565bc,11914.893617021276440937,0x629e1c1364f1632420a2f39300d310f231d2491800e68e0882ad01ab17e3ee24,sent
0x44f364AfB5d8375044A7e5A699d30b1223236b5f,11914.893617021276440937,0x9ab44351094067c935c9f679eda01bf92959fc49fbe6c1aedc4ce96181884866,sent
0x6558A156FC06aaDeBCb6a193c7268690d047d5ED,11914.893617021276440937,0x8e626e1962af2283f668a4ff61a42856b515ec6fd49848f64c594e3ee58ebdd5,sent
0x320f39b94D83eDD0cee39591Ca1c646D95D670e8,11914.893617021276440937,0x941172ed4924d1818c72ed5eb089f8cd7e868f43cfb283e0ee1f28fd1b7ed2e6,sent
0x2062a8Dc8D7ff91eEE4DA75633491F474Ad63f9C,11914.893617021276440937,0x1f48298fde6b831748d3e8fe0fce964ba2a4ddb23be4333166ce8ddb35e86247,sent
0xf795795b690599164847291ca1FD4152df0f73cA,11914.893617021276440937,0x31d3c1e47afa954ef9634a883b006f57c6ce26e781f02db2e4e8e8db021b95cf,sent
0xaa1E7269e1d8578b1f356643f235d6f0748eAcdB,11914.893617021276440937,0x96d31bf2cf916d15181f4f107fba4c1904da3a8cf0b083c9778441b2f7bc1f5f,sent
0x7aa63c18aCFf0ba643e114F49Dd6D5F49Dbf36A6,11914.893617021276440937,0x129e21e489a8f117f0ac1fcdba5ac2581350e5b8a22c6458702a893c8e920809,sent
0xaeF129B6e4B4B99F8BF9701B151d770e3C957399,11914.893617021276440937,0x75a3971421500721b11b857cdb7fe894c5a386b3b908739cf344b49e22927781,sent
0x86797aDe35841c3439c0bAF5f0e68066d3207024,11914.893617021276440937,0x2482c6ad4244eb12504e1f7f0505d5b8eef7feafc5e82333922630a59f78bb4e,sent
0x516c2D1A1991960371994A215C18490eE43C84a3,11914.893617021276440937,0x578ff31f88b94f48962a97fdb305bfecbf42a5e16a22dd95c799081c16a183bf,sent
