address,amount
0x33F59D02Cc09D4318ad87616F3f06e5346961FE5,25196.353702188191613047
0xA4462a668a35a78B7bc13c6a1B10588450EAb873,25196.35370218819161275
0x4B3D04a5f8aB2Fc61BDf7d18D896AA08D0A2948a,25196.35370218819161275
0xbE30009D6b1dF277e944081B84e30Ba8658E70e9,25196.35370218819161275
0x404D4E35188F4a6B50e4542e0F56e474E045A1CC,25196.35370218819161275
0x6C52259aA617a89AaBdb651b64006a0C9691664F,25196.35370218819161275
0x3d53B4497ce883223CE8C05D99E7C1b12A1756A0,25196.35370218819161275
0x31f760455E2dE5d50d2F4367AC171E1ebfF27EfB,25196.35370218819161275
0xac8C30A99A7F0b3202Ae494ae86fcbDdFacaa1aA,25196.35370218819161275
0xecf0EF7B8C85FF2Ed0aDFc5aca10162697bd1A18,25196.35370218819161275
0x4f9CAf3Da8596A0660e3A74E8C60dB50a7A3b6e4,25196.35370218819161275
0x7FA883762Fc3e6a8736Da827b6c6775a4d0BE40a,25196.35370218819161275
0x7AF60A0555276Fd50c0109Af193f2EdfCf37a1f9,25196.35370218819161275
0xdA4A6F37cC67c903e25b6FE474d03789f9227B71,25196.35370218819161275
0x1231418D058a8E4aeA306bFD3376C31010bE9fAA,25196.35370218819161275
0x457d4814DC53dcE41d70B80b939a084815f0799d,25196.35370218819161275
0xcb0777B074FF94e0a2F27364F0E8E893AB4E0a99,25196.35370218819161275
0x2619B4B87eEAaaFFc34299a04f6Ddef39583376F,25196.35370218819161275
0x9D2FeF4a561c8d926f43fc93e5523d26ce0DDfD1,25196.35370218819161275
0x491b1f264c8eD5348Ac5B463AecEA0e9d014c137,25196.35370218819161275
0xf0C9D37961a2d10fc68189D34B13af75325FA3a1,25196.35370218819161275
0xFdd62Fe5F701A78FBE45841FB1F33B4AA0D13Ce4,25196.35370218819161275
0xAf3C5cc37544E64A0467C428cDE78ea4aD34C0aA,25196.35370218819161275
0xdE863A9787194320787e88Ef669d484d12a38bF4,25196.35370218819161275
0x30A86b35531080Df7AC80567ad0Ad7dfeb922cdD,25196.35370218819161275
0x9635C7F095A1E2A802b16292b05959b5e31dc2C9,25196.35370218819161275
0x9Ca3E060725d91C28eb2fa6b3Ab4535af947817c,25196.35370218819161275
0x8c3aD00c41dc4b65C8A23d31a703E59F64a644F9,25196.35370218819161275
0x774CC8869EC78965Bb21D2320b457d6b61C06bB9,25196.35370218819161275
0x8bB9947C62eCEf42C9d4EB455c89B5B1F45D81Ed,25196.35370218819161275
0x641604d57D58e31b9538F2889d32d86a52Da5B4E,25196.35370218819161275
0x9C71cbEdAA3D47a557c73E8c50Ef31831EebBDbf,25196.35370218819161275
0x6d0598b44F03f1B2cbE5EFc9a7EebB34a808e7bD,25196.35370218819161275
0xF3DDE244C3E38db5f6Bb5DDc492f13fA22eb9F74,25196.35370218819161275
0xfca9618AdeF571ca5271954751f67Deed0b1a572,25196.35370218819161275
0x423E35ef82B18F3098B36B4A2127Fc3782e3C31f,25196.35370218819161275
0x0E08E839B9f57E957BDeDc0a0b56534219712C96,25196.35370218819161275
0x34b1aC33a4FA4EC488c2E176da8d139F8fB30F06,25196.35370218819161275
0xB9D21F90c8b69E4e0c6F15d986E56353EC4A9Ae7,25196.35370218819161275
0xA4212F12B5645341cf1490abF63a6BC1d836bE70,25196.35370218819161275
0xbd87208D8365aaF4F6c361378ca4cEBaf4D3220c,25196.35370218819161275
0x97d983309357dbB0EfC5c7f8b6d60b7985EC3455,25196.35370218819161275
0x1f7896eBc6816e4848c95ACc34FE8eeE5Ac383e6,25196.35370218819161275
0xf4652110b3CEEC190cB615aFf139B869Ce799500,25196.35370218819161275
0x643f6CE609c801a9847c700678B8210193e302c0,25196.35370218819161275
0xd190c58A07F4Eacea772b3FC3d07296AC5C43574,25196.35370218819161275
0x365c5176DD1F2A8c1fD6Bd66eCc7387e03c69cE0,25196.35370218819161275
0x9fF587DC0FC7DB03e29874248E1966cA3b59108f,25196.35370218819161275
0x8FD4E6bB7e4dEc5ABB79e6EC88FBAc05526C5d58,25196.35370218819161275
0x2aC56019c3055d3a1b328668404993c370DA6281,25196.35370218819161275
0x756B90f3496A3b70E642031b4641C11E310105C7,25196.35370218819161275
0x7ffe089dF89a10E75Eb68c455A79775Ce2214efb,25196.35370218819161275
0x5e7064DfdC6953b670e3b0C8bEf18Db4C01f0b9C,25196.35370218819161275
0xA94c76026ae3b78670c982042a734F2e47d3006A,25196.35370218819161275
0xdB1a7E8Fd324E4D4a2E2349F26e838E7e03dd9bf,25196.35370218819161275
0xdDC44BFb09A0d071Cdaa212D12F83E72a05f50c1,25196.35370218819161275
0xA1454943822c2fE03eaE278081e7D83CA13e1dCf,25196.35370218819161275
0xA22Be79bf011c2529Cf9627C4c1791FE61704D3c,25196.35370218819161275
0xA0FB432B55aABFe72b39be3B7eFcFA419d220b23,25196.35370218819161275
0xf2fDdcc324e52d3ba24fBE379aA534C513c48C12,25196.35370218819161275
0xb8F7c6f2bBc258942D36407fAcA3eaa9125A8534,25196.35370218819161275
0x0CDFb39D6c2515f8eD61739ca7A5a2cf7d3fe731,25196.35370218819161275
0x70f3A76b3c98E7d3A039c9FD9D224d4F794e38f7,25196.35370218819161275
0x3443d68aF7BC7Dd7b5B3013fbA967622BF7bdAE9,25196.35370218819161275
0x6D18E9182F7d7EB049648E0bE4e639f2b99E4922,25196.35370218819161275
0xa29eFb87E94639694cD30dAAeB14Df344aC0E8ff,25196.35370218819161275
0x3Cd60FE105765a584502725162F5b068e41e6786,25196.35370218819161275
0x1E35AA70033264cabF0f9d4D88AC5ceba1Cb796c,25196.35370218819161275
0xc29Fe9faA63F46253079e44d16052E4Daecb69F7,25196.35370218819161275
0xE084984386E8Bd200778E558E20d0189A0F4aD3f,25196.35370218819161275
0xE4B21C996297638b03C99A2885a426e46a473Ac3,25196.35370218819161275
0x8cF2179fA994d8C4c762ad7D8dcC7fDcC7a706E3,25196.35370218819161275
0x8A10a9F0FAB9f9e9fE10374a785739114151aF3A,25196.35370218819161275
0xc709EfB2BccA4A6c2F1485Db77764879fd518968,25196.35370218819161275
0x398c23972dF5CeF50ca49f66dAFFbbB95e6B5CaB,25196.35370218819161275
0x09488e4352e9b096Dbbbf3f405cF66E6FD752c7d,25196.35370218819161275
0x376Dd78635F83A4D2E928AA1EFFfe13b7746b5f1,25196.35370218819161275
0x3c171E66a1740d9F51B719847778540024fCf36E,25196.35370218819161275
0x2278F357d2c134c2A84502970B02ca30eb6f84a7,25196.35370218819161275
0xa7F31FC8b0C0cf0ECeB03090f6f5C33D16676aee,25196.35370218819161275
0x41a3cAEFAAF2c2487f750d737c19f3C77f483Fcc,25196.35370218819161275
0x5a1bd51183a98fDaFafC026460dEE80BdEF09518,25196.35370218819161275
0x1C3892fB232A4B05ce31B96a5CB76EDF35da9f45,25196.35370218819161275
0x810dcE6f76BC3C01B1241Be9eCf3FD624D437Df4,25196.35370218819161275
0x7d3A71087d994Aa24913bA0cEfc13c251bD1C93b,25196.35370218819161275
0x36d69cc951f6D33E6aC3e2332c36434ca824F570,25196.35370218819161275
0x746885Fe25090AcE2AF6D6F2e87BF83c0833554D,25196.35370218819161275
0x0263175426915A63d16c06e1785461FcE23353Fb,25196.35370218819161275
0xdeB9c4c8d55724fa14Aa6C80509204e289da2c3e,25196.35370218819161275
0x357b40A82b8b3FbB7e5C20771A9A3c62e2eD0FEC,25196.35370218819161275
0x62547C1c9056f58F2F00e43f4D252f3725e2024d,25196.35370218819161275
0x306173df7adAb42A63Cd3B283098ad54c7456B8b,25196.35370218819161275
0x170a154d40838cbd0BAdCE7746540d105eFA0c61,25196.35370218819161275
0xC60636415635DE4f6ffDBD144283a4E0b8808AF2,25196.35370218819161275
0xBE18976FC81562B4E7eC2CB2D7FB81E31b254A60,25196.35370218819161275
0xe0E6Ec5c2ad1E578bDeBf2D6CD0c9AeE8d0c32ba,25196.35370218819161275
0x11ff2C7e70a42196e5aFE40a6e552Ee9548B8013,25196.35370218819161275
0xd3b1b7C9F88846824C645A45e448B3391Ec19350,25196.35370218819161275
0x6aA1D8B32517Ef0608343DD79592368BF35Af906,25196.35370218819161275
0x90638Caca06013E8EEe304e1e218BeC80690c328,25196.35370218819161275
0x29FFd89DDb9A7CfCf1b7af5BDC153Cf170a02786,25196.35370218819161275
0x6A564795d6806d43Ee20A576a459A66E93d46bb4,25196.35370218819161275
0xbabAD636EAE1728AA7C233bc2aAfB373B961670C,25196.35370218819161275
0x262694Ea83353aE93C7b35Af93111E759b4B46d5,25196.35370218819161275
0x2a09557cf822BFC6cB30480845F5b433a79EE77A,25196.35370218819161275
0xd2608b9eb01b6620Cce4ed7124FdC120b2E053Fb,25196.35370218819161275
0x60e148E8228b8E699f7E81e62Ca9439133F059c8,25196.35370218819161275
0x0F11EC8E11D7f184Cbdeb52675a147F4F223a05e,25196.35370218819161275
0x61387820a0bCBa7065A46885aB7cdC7A39E29Aa6,25196.35370218819161275
0xB7e2BFc1776f47aD830fC9Aca467A9c6e8Ad8cA9,25196.35370218819161275
0xbF6513d9D47237df9B2d93610A401E20369EDed1,25196.35370218819161275
0xd1818d83E13b8222717325E0C4d949060EcC4Ea4,25196.35370218819161275
0xD2E0A4A17dA433b2571F36F74D0e94420798F235,25196.35370218819161275
0x4E53a49BD1F8D96EEE69139034103497051b7437,25196.35370218819161275
0xfC314440F56c17D62Cc592f273c1f50E7Ba19169,25196.35370218819161275
0x12835Bf9DE032d0C8d1e25D569654Cd42fC7C498,25196.35370218819161275
0xA7Eba9cD1CA01E752cCb5d857D69f89260577751,25196.35370218819161275
0x7E019181fB244Abb475241255F8F7121554417EC,25196.35370218819161275
0xDfA11079378648fB4D3519697aF184b326eE1077,25196.35370218819161275
0x431E84196A06639b2Aae91b9707a716AF238307B,25196.35370218819161275
0xc7E52DD03ED267Fc393C7b9344ce15484cE20bE0,25196.35370218819161275
0x7F91B4Ec5c0c1616efEeC58b5f564D9A049C94c4,25196.35370218819161275
0x764cADB4E591559526e2b4C41F235bF3E4324467,25196.35370218819161275
0xc98d46a8cfce13e99b626Afc0f5b889c225655f6,25196.35370218819161275
0xdF5e26B17fb1Db6c71b6cE2Cf99AB9867Ba40a1B,25196.35370218819161275
0x3Aba3639A49b0e8ef47Af3De296E21C6d4d08D64,25196.35370218819161275
0xFf3C12f9d8a1Bf15A68F7202b375B88a6f861EBF,25196.35370218819161275
0x5539c715D95A2d4d940e0748cd67196DcB667979,25196.35370218819161275
0x3D2292AD062B5f3f3C680720934de438708945A3,25196.35370218819161275
0xf7E2ed2DDfE03e78E4FE82C91AE3cb207F9598aa,25196.35370218819161275
0xA4eB15BAe49aaEB0776eb58D872bbbc3fa08cc99,25196.35370218819161275
0x1C3c2Bc6aaC766C031CEa919F0b43bE28059ca9f,25196.35370218819161275
0x450584d38B64546FB14DE9EfF5F32D1aC095aF70,25196.35370218819161275
0x8F7F275868e63c7F4DaafdF28ca31059F007f296,25196.35370218819161275
0xb4a7648dB6f429F813Da00eD6aAfb89F104a8bD9,25196.35370218819161275
0x4ED3842874B1D817FdD12FB7C58231474b9f8c46,25196.35370218819161275
0xb8Bc50cF45CA99Ec60fD94064CED3fdB3EAa9147,25196.35370218819161275
0x24f1ee4deFe5b21Aa7056795B2c10FE2E7b69369,25196.35370218819161275
0x825600D3FECdF2060FBAD581F4a85De93488a682,25196.35370218819161275
0xeE96bacC565eDEd225230604B9f55549E5bB74CC,25196.35370218819161275
0x40B653ddD24F7233194DB7D95af9779E54d5d773,25196.35370218819161275
0x3dFc42163C394e57799dE805DE7B761e0402a0F7,25196.35370218819161275
0x1DCA41A5c7BDA9FeDE558aA70414B0C123EAd92A,25196.35370218819161275
0xEE7d60703B640DC6D5Ab056c05E305A29824A096,25196.35370218819161275
0xEc415A7fE6042Ecdc7Baf44089Ff636378eacDB9,25196.35370218819161275
0x535038eb7982FA416A5995B8FEDE6c197070139F,25196.35370218819161275
0x8Cd1Eeb64c5A74Cb9A26D734752bfFE98b4a3F56,25196.35370218819161275
0x1BBf310a39552ba2a0529C532AaE5B6387c42CB3,25196.35370218819161275
0x2d5b8411EE6cb3E298bb6F634b6120E2724Fc36f,25196.35370218819161275
0xB832fB7E9fE976fc0aED3Be4b308b01f3EECb45e,25196.35370218819161275
0x183C8fF87854F49aCEc362a6A46fd2D2cBbFA67c,25196.35370218819161275
0x765836D9D9bA3f2F57AB4A1Ef8815dc28D1B0717,25196.35370218819161275
0x80e1E0CeB5c2bEc7C53C7b14eE2DA331711e3f50,25196.35370218819161275
0xD705e2AD8BD4e9839cd7548596d84fEAbb9A340f,25196.35370218819161275
0x21E732F611e89CCD34CAd8a078c97EE04d04467A,25196.35370218819161275
0x8CCD5485ee09CA5E0a45D1Ee299D198Dc165e223,25196.35370218819161275
0xB417740De74f4B40fc3a635905eb142d2479fF70,25196.35370218819161275
0x1a3a79EB523B2173337FaEd863Bc680D813017db,25196.35370218819161275
0xbBe8E9d28152d9cb68b257a2De874E210eE6f59B,25196.35370218819161275
0xCb7A885D55446EFC3ea17171260769E8a35C4A51,25196.35370218819161275
0xC4D7c52d68CB1480f557a88fd011a59fDb3c3107,25196.35370218819161275
0x5B0e704970dB85542dc46C2158E2D57126F9A30E,25196.35370218819161275
0x0bd51D14c94d4b3e1C4C9511fd8407622e9416a4,25196.35370218819161275
0x76469f9aD7Ed5A9f6fe418d37f609dc88fF3cc17,25196.35370218819161275
0xc58667BDE62584Bb82DB4f924a67dFcf88B5c8De,25196.35370218819161275
0x9eAd973764Fb0E4bCbe24e05cA0ad8D9Ce38cb90,25196.35370218819161275
0x1F626E7259a987bABD44FB66002E26c3346Efa77,25196.35370218819161275
0x9f7ce0adEFC91D9a7dA2d6083e749Ed40F01822f,25196.35370218819161275
0x9d37f264062c43dd2f89Fc85E95bbb30226c2841,25196.35370218819161275
0x8764f860Dc06EabeA923424816C28aa4FCBe0AF8,25196.35370218819161275
0xa4bA20FB8cdf119F692c0870c76C50728b2406E8,25196.35370218819161275
0xd19D8fddE84eA3750AD074455B28De382d0627ee,25196.35370218819161275
0x43361fE8ba687F826819b027ad5FC5b4880A3331,25196.35370218819161275
0xF96A795776CA132A5E63e5A0CdfB865F9f55eD02,25196.35370218819161275
0x16429d747684Da80C0Ef28372dce595e6f7E0aE3,25196.35370218819161275
0x0da2734bF24e4e3b90085F4801c020c32310c84c,25196.35370218819161275
0x1F811783c2F8450855bdA07A843dee50EAD70867,25196.35370218819161275
0xBCb23bFe3fD6b37Aab6792b8d6934250E64bc13f,25196.35370218819161275
0xcF83440B28B3609747d834325d06DAA23Be16e88,25196.35370218819161275
0xD123915D2d465818B6cF13F1C64Ad21C72e36352,25196.35370218819161275
0x451b755199AA82B2ed9ABcF46A90bb6205337343,25196.35370218819161275
0x6fE1350d9AfC283406eB63B7299a90B038930e40,25196.35370218819161275
0xE8eb4B4Cad82bA6feFd2474016C45DC953023Bc9,25196.35370218819161275
0x36D36BC3D02269a58557401E0904718Ab67d3b49,25196.35370218819161275
0xF586160B7A7D5608C2038aBb643f4B9102409f33,25196.35370218819161275
0x44a5e986530c0Bef40650E6cc182aB73D6327665,25196.35370218819161275
0x264173035c39Def06bCDc26e09296844e036e3A2,25196.35370218819161275
0xb7fEC356bed9c357A4b8Cf0739a02E9037A9020a,25196.35370218819161275
0xbd198Eac2C4aa34d2719bE4885559B3e7b0576B0,25196.35370218819161275
0x2F010764B433d41071566537e0137753FA6b0AFD,25196.35370218819161275
0x065f389deb4BCa8b8C6158C8d4816B8Db8F32365,25196.35370218819161275
0xA1D8e4c5e86345c23E1dD3c7e525a81F290F5446,25196.35370218819161275
0x4FaDF94b277DB68935346601698eF43dE6E60297,25196.35370218819161275
0x204727371cCDF16360ad7367493824f61b4503C7,25196.35370218819161275
0x82068912A63270F7bE4C32E8Da5887D549C8f801,25196.35370218819161275
0xF3D9289BCce520d21DB59665230a267B9B371446,25196.35370218819161275
0x6f01091F921BB3e2747886aeA89cBDF8Ea6A00dB,25196.35370218819161275
0xa79F1CC8818DD464A3eE98AaedeffFCe3004DC9d,25196.35370218819161275
0x9b8FAa6E8658345A534AD476F281831b616D9a7B,25196.35370218819161275
0x80be52A7BFa01F2d40bc4f697694e724B5c32ADf,25196.35370218819161275
0x7Ff4F9978A123d4cB289A482e807550e45Fe8187,25196.35370218819161275
0x0EAe88cd073351dFF812255Ba8E2D0601C1079F9,25196.35370218819161275
0x52374D7fddAc48df3E291B2a0387e90350A70bf3,25196.35370218819161275
0xfa76eE761a5D90A86A88E9b4770f7Ee3933fe0f6,25196.35370218819161275
0xaC1305E5695b2e90ADb450B991Da8D9ada4F4eeC,25196.35370218819161275
0x0E2fCe97243Edd83d8C12C4A04B8312047aEB50a,25196.35370218819161275
0x48062F3E111c640317D134dE465cddc18793a82F,25196.35370218819161275
0x83377F2bB32705cA7aC26346430FCD5b98e58719,25196.35370218819161275
0x2B20264c31F0A8C0edDBA6527b978F69F290109F,25196.35370218819161275
0x60DC4Fa98759eB6573b275d3F146c59b17C64207,25196.35370218819161275
0xb871E124a617232d3e4aB514d02819b0b1782c9D,25196.35370218819161275
0xdAE1d8f43a8D93Dc9f4520d2111Ef4aF43a5f0BC,25196.35370218819161275
0xcf608f2fF2f6E262046A4F2eF96b212f20dE58E1,25196.35370218819161275
0x35e77ac99B0eB42aeda650b3D6bb27e7611491E5,25196.35370218819161275
0x7d6C1Ad9816517D3dB8b3684034d59313D30e68c,25196.35370218819161275
0x1FAAeddeaEa8B4cc79437e453731856517cbb807,25196.35370218819161275
0xeD71EBd3dB80eF52E7933A0CA645B206A3095Be1,25196.35370218819161275
0xbf31Fcd051A7e772bC87F2D6494dEB6F37E7D4B6,25196.35370218819161275
0x7F4793ebc2a6aEC8709fA905797d6ce2331c6a6E,25196.35370218819161275
0x8940dD16eb3369456fF1623F0c61128FDB015b7d,25196.35370218819161275
0xe96dA789b13a78cDDbD734e015a4dEA4ED9f6F72,25196.35370218819161275
0x3842FdDD8bd8a332023e290eE967D3fd3F37CaCD,25196.35370218819161275
0x8Cca1a064aD27b8C1d85a09ca4Ef7254796B4489,25196.35370218819161275
0x159f9bd7c17342485Fd25794E4df02B844C744ac,25196.35370218819161275
0x1BCb18f63F611E03a05b0EC93bE3573418758F42,25196.35370218819161275
0x0d30Ca456828ad37D7dC3693567C5F08fAB99605,25196.35370218819161275
0xaa2A38568Fe4dc0A11AC8542b6EDed0fc0f903Dd,25196.35370218819161275
0x2A455295a9E4ba06b2065BE690e9e106E12C58Fd,25196.35370218819161275
0x122A513587cb4be9BE131dB91f14ad411707D884,25196.35370218819161275
0x8784CEeD8cbbb30B1E2cd41Ea9fB82B077978484,25196.35370218819161275
0x0D04eBc6aA320e3d7EF7836C8393D250B498D28B,25196.35370218819161275
0xaffDAe050F4dda93cea10e51D5AD891fAc572f07,25196.35370218819161275
0x4ed35EB368C1a6BD5c12C7B8Cee1B47837519F68,25196.35370218819161275
0xd0bFB6E4658EEfcEc7D0dbb691d1922d2a135B81,25196.35370218819161275
0x9E297B30861fE352F6B3E50cf90c6f1F3BAcAcEF,25196.35370218819161275
0x600DBcbD6AcA9bdDF5D36d8Ac67637CFE54a0a56,25196.35370218819161275
0x2C9241AFad689c496b756983da834a4f71950bb2,25196.35370218819161275
0x0b04E5d3fb98b91dd81138B540fd8007B357Cb84,25196.35370218819161275
0xA58aE4eEDc19538D817B68fc1707553307955D0c,25196.35370218819161275
0x2F5B1A38B8b6C2f8DFF8de2109fB9e9e4cCF6649,25196.35370218819161275
0x4E9D8EA8D0c3e2D529874343Fe221D2a89B9D220,25196.35370218819161275
0x30B3DFed5492Ff6DAb28D3E75058E273ef102326,25196.35370218819161275
0x1C35bAE51187cb0d882B3ce3F0EFE59e16E2cCB9,25196.35370218819161275
0x152C40Be966Ae6FDCAdF89165Bd6D4b63877002F,25196.35370218819161275
0x7a3219cC9225aF1f0021363f5b1ae0fA6105adDb,25196.35370218819161275
0x4E6fC6487cD096B3e18Ccf3b207fb5e2bEE2E5E8,25196.35370218819161275
0xA40F678033AE2BB5877CF368f2DB7a22741DdA70,25196.35370218819161275
0x3E726f633222Bd2751aAe97aC66Bc336e6c3d3C0,25196.35370218819161275
0x1EF84b8b819accD403B481aE06D0970A80a956B3,25196.35370218819161275
0x17A7EE7465b5A13AD53C5d1BCf4B38D25F88bA81,25196.35370218819161275
0xb84d895B5cb785F0Da61928fA738909Fe6A67310,25196.35370218819161275
0x5d0E7c67b17B4509CF0dB5c695574EA8C525961E,25196.35370218819161275
0x1eb570f28e9982BF6F85762Cb8f09AF83F4E7450,25196.35370218819161275
0x413306c364113e92dd6BCACFe3e79bA8C45c7C7c,25196.35370218819161275
0x401B1C930BAdBA5444990A9cA9a1aa2119dB6497,25196.35370218819161275
0x15f1F37B25014bd5033a50AF511364987dbc0F56,25196.35370218819161275
0xcE4EA5fd1601a258497D5d3406E608c3B6916087,25196.35370218819161275
0xEcC67813cA639A85841922454fcC8B23C4fD39D3,25196.35370218819161275
0x5ABd48aef5010038fAF9a90700F6b6faEf471Ee6,25196.35370218819161275
0x994e86F905576562C9085402f1971869cba0e865,25196.35370218819161275
0xAf2cA44a1297e7587c5D907FAb1FB47a00bD8E0e,25196.35370218819161275
0xB9a8cB3539329547288EA9366e08f7C4A6d1F54b,25196.35370218819161275
0xfD7a27FD166E0951Cc3B53bc11334862CF9c37E1,25196.35370218819161275
0x028e563D3730f6dc8AC1aD07A76b96652F450E3b,25196.35370218819161275
0x60294E74ae42fe974912A49A953Ea9F86415c2E5,25196.35370218819161275
0x72237615786134ec17091B61E2084426955244E4,25196.35370218819161275
0x71b98995B5b5d9D0cECA460a45a3CcDB5200665c,25196.35370218819161275
0xCf4E966630C2C879244E319936306bF1b06A9A49,25196.35370218819161275
0x0Bf5dc1225c7874e0Df789D150a899821Bb2A7fb,25196.35370218819161275
0x88F800Fbf8BAf506A297e36E345B9D4250CbFce2,25196.35370218819161275
0x24Fc376965257b1D99F23d6D019d29abe8ae9b84,25196.35370218819161275
0x0AA5cB4E251a412797B3a74f9A1Af2987e6d1ACf,25196.35370218819161275
0xa4c85bff0d9b22c03281f2b7D2e33cfA723c7e0D,25196.35370218819161275
0x738c5BC566EdBCf8f4F39962e28D3Fe62F8f7887,25196.35370218819161275
0x6bCffa8c263543fFa12C8Ea91e268f234049286B,25196.35370218819161275
0x09d215C69439411571a3Ab56a0eE65019356914A,25196.35370218819161275
0x99Ff47D0357b1114e3226f6860e8d9358Ab49DDE,25196.35370218819161275
0xE7082374A50880bA6cC63340fa0E39FCC44257c9,25196.35370218819161275
0x40193974b9a14aB9d8BAA5705bb26f62C10ce890,25196.35370218819161275
0x7140D8bBE7b1c9617fC6b9bD4F50Ab739034ebd9,25196.35370218819161275
0x5aBe0133BD15772c359BdF39C40EE6450e7f3369,25196.35370218819161275
0xd9Dd28A40f0e6e44DEAc061Da8a9F21AC0B0C937,25196.35370218819161275
0x58850050BBDE8f6FCEdf069a81942b4f1CD59B92,25196.35370218819161275
0x8b92277C6418742ADb5d3d6679544730AdDFbC0d,25196.35370218819161275
0xE62213567c7Cb954aC8E4d3Ec15810EEcEA38Bcd,25196.35370218819161275
0x438c5C418ABbC82985296365d4Ad9890959a99Df,25196.35370218819161275
0xfd6A98f84150d7F4CE93a9F1c93CA493a6f5C185,25196.35370218819161275
0xbe6eC4B287B7298D1183546dA6547154f9fF608D,25196.35370218819161275
0xf073938318D91F0A6e76AEd26099D9C6F5e75425,25196.35370218819161275
0x63414579542F9FbF3d86DcCF38549D0BeF006F4b,25196.35370218819161275
0xf60A3F54BAd872c2fec2db24E0d1765B94725cd5,25196.35370218819161275
0xf95d90E1a21252b359996f29EB1C7f9Ec48dEa97,25196.35370218819161275
0x6FF227dbbf3fA8B00398330230DefF913B97E235,25196.35370218819161275
0x26B6aD2128DD78D25B5Dcb118520202F8c72A987,25196.35370218819161275
0x665005bbF74B7Fb4C0F360906A9D84Ef41567e38,25196.35370218819161275
0xA9972Ca1115d7898633fEBE22bf24d2cddD6a974,25196.35370218819161275
0xd22DDFb39277B8c7f270441d79F4eF6Ff4411473,25196.35370218819161275
0x1c6a1A8E5f3e86bB730cE4eCb75322249812639d,25196.35370218819161275
0x5b512Ddb9E0fb2B8Fc5208848e52C93777CcA565,25196.35370218819161275
0x04E6047185C375776B7C3df16c2cfaa5d8475f05,25196.35370218819161275
0x193CDb474412B1f72d7a66D65A86965132840681,25196.35370218819161275
0x6aB07A5E2516D616236B60772adfC4E6001337E9,25196.35370218819161275
0x66d51293f829Df025546920F8B4CD4f7728Df013,25196.35370218819161275
0xA1Fb726Ade1687d5834adcEAbD9dFC104E3Bf7aD,25196.35370218819161275
0xEbC7DC313eD045fA2e55Fa3f4d734925B974a67E,25196.35370218819161275
0x6Bd87FbAEDE617E8c8D7Ae36ba64867D80cE6742,25196.35370218819161275
0x0AF77967430119FA7Db9f88d3E6123Bc262684AB,25196.35370218819161275
0x52604fb689796278812B64DABE4027DC96cb2C51,25196.35370218819161275
0x4956e7F5398FD73ef4364127F17FEE7C0377d3d4,25196.35370218819161275
0xaA70C3d71c0E677Faf9A8e7dd3AED1b3B1b8A390,25196.35370218819161275
0xD81C42b0b1e10BB0420120194bE3bfFB58119148,25196.35370218819161275
0x486304Acc33c701BaB56C427d4d8d3CEC5a4f7D3,25196.35370218819161275
0xF9288F22f3db2C1D9c2f28246a429dfcf2000B1d,25196.35370218819161275
0x85184322475Cb24D3F295efBc5B8c25790397d55,25196.35370218819161275
0x75ca4f276599590088AcA656F64b5E3E6d9454Fd,25196.35370218819161275
0x7Fa7D32e73BbdBc472aeF932c87fc13644De024F,25196.35370218819161275
0x00b8c1e86ca2c4Be1A768A4a001A9406509b6BbA,25196.35370218819161275
0xCE7cA348Be9f09430877dDcD0CFfb6aD32bdEd99,25196.35370218819161275
0xd5F32D4284764AE27a63AD39e89BFe4f1456f112,25196.35370218819161275
0xe61e552098061b9A8dd3501fCB3831588ADAE2F8,25196.35370218819161275
0x3c0d4E164F870c4d8D7e49b897feca48883ada68,25196.35370218819161275
0xCF68e6Fa72eEFA4029366969eD986c15263eC311,25196.35370218819161275
0xcEC5bd49479117E01B23C25DCD458Bc8554A2f0f,25196.35370218819161275
0x9bAA22BD2862B97D3475F6d70dF99Aa1F894009E,25196.35370218819161275
0x0286032CDd2ac037899CdC1Feb06bAa6c6f52D5E,25196.35370218819161275
0x272989961C4795a16803d1B28c992AFEFf52f3EC,25196.35370218819161275
0x678110d08d8dA2D4f55F5d6f0F508d931D0d8c19,25196.35370218819161275
0x368662dB50257C300137228C607865116462A6A3,25196.35370218819161275
0x20360914E40C4B6785fac297D2dFB1fb98A19387,25196.35370218819161275
0x9CFdc3e7Ab156B7977C753eefa60062204407045,25196.35370218819161275
0xf5948068ec77F59CAD4EF09C8471b40D9deE6372,25196.35370218819161275
0x37b11307d597fdBa442fFAbD4CdD5Ecfb2b3d950,25196.35370218819161275
0x495A72aC314633FbA83540b772B8F1c000c7fc97,25196.35370218819161275
0xc577e66D9a6120c86911309EEbae4f3D4C09f449,25196.35370218819161275
0x7F3aBFD8b55a6ABc75ff98e2fA590E30597892CF,25196.35370218819161275
0x38f85BAd0ffB1F8661d04CfA574fB51465D418d3,25196.35370218819161275
0xe3e7836ff26C19E925ED9d5f9eA9f26bd705ADF9,25196.35370218819161275
0xC0DC421cc12ed3a9f22eCba4c71E2795F972E673,25196.35370218819161275
0x9b9365AA4506374aE42dCB288D1058C84E427655,25196.35370218819161275
0x4F5Cf3d9f16418c0c04A060AcF39cC0BFD3A8ce8,25196.35370218819161275
0x1647F61c93727fcEd417543de39418A0e7a4cd3E,25196.35370218819161275
0xeFD5ec7f2463B02e3A1Ec15B30407E917C7F58F1,25196.35370218819161275
0x4b9116963BC6844A270C5eDA4cD675E25ADe14C5,25196.35370218819161275
0x0065DdD5b5faB69DfA4602250c4C37378dDf0151,25196.35370218819161275
0xAa9f6f57852Bac5c091AE530AfB505e7b44f23C1,25196.35370218819161275
0x2A86F40C19Cf2e41B7918809C4884A455902f76E,25196.35370218819161275
0x87d595523729cD54f2921C0d9B9354F4B3a96e7D,25196.35370218819161275
0xC756dAb61F6b020171E85Fc15Db26790D20bd43C,25196.35370218819161275
0x48c8012cD676c4BC64b8Cc56FCb52Cd2d92E8480,25196.35370218819161275
0xA4C28A9E3575EF3c4aA58ae9d5D74432471950Eb,25196.35370218819161275
0x535240e4CF5111Ae86e6328CE1bB3624721CF2Ce,25196.35370218819161275
0x47b32F7d0ecaD44a28B816159383E7Eb8F08417a,25196.35370218819161275
0x66aBfa6d9f26267102fdb763450A5215d38A5AfC,25196.35370218819161275
0xa95e9e55d7454204d26237d768cd66946553D9DA,25196.35370218819161275
0xb931440bE54AE7cB742a6A8F5Bd1658458078106,25196.35370218819161275
0xe24Ca0D39F7F0de3fDe3F501C77cd3edA62711b7,25196.35370218819161275
0xc1cF641e2f19D3E5DDE57F8e9886EE67c06b5BEd,25196.35370218819161275
0x45EF2f948409cC9aDBb036fa45c837f5Ef950537,25196.35370218819161275
0x49db6d096F5B2A837f696b005f85E9a3820CeeCb,25196.35370218819161275
0x6266c26C502c31A5e0F28F84Bf2BCecCA8d39c09,25196.35370218819161275
0x06F6f1E7CED3Ba0250B297DCa448D746315E0d31,25196.35370218819161275
0xa594cE708Db1bc900b9072D24A2ccf153a5D65DD,25196.35370218819161275
0x16A12030bBf207080882e32A09355B67186F8ab0,25196.35370218819161275
0x848869F62A13bCe6ae1E676D2323162e9457C228,25196.35370218819161275
0x85EEBfCD4cdcb7E2B6dEBbB02BFb20fE7AD3b0E3,25196.35370218819161275
0x334D79e242F0947cB952E562730E551c28e060cb,25196.35370218819161275
0x7cF42FF793fE33B7Db513b177Ee0705AfaF2d6F0,25196.35370218819161275
0xE64C17B6A8f3A242dcD2F2Db5f2F40DDF7Ad369B,25196.35370218819161275
0xfD7E244C097c917EcAbD9Cf5CD4D5f56f4c616Fa,25196.35370218819161275
0x13807fC8d94aa715d300ff9091Ed1cD6f4B936e8,25196.35370218819161275
0x21e3Fc9Ce0239A0A1bE618b8b938F0a8d33a6ffe,25196.35370218819161275
0x0f404C24B86B3544EE39eBffC33Bfe5dF81b3548,25196.35370218819161275
0xf733A390ec43B18025D064fC19b1D1b2eDb9A73B,25196.35370218819161275
0xf88FaC64BB4D77dCd2778da145480694307a43F6,25196.35370218819161275
0x157f895c8784C6C194B437bF5B107c6e5f014E27,25196.35370218819161275
0xB985596083c5ca9600d809D2eB8880c3a2Cc92f0,25196.35370218819161275
0x444a50e821192d1EbEfb2B548f9fd3E33DDB0a9d,25196.35370218819161275
0x9d978e14A76549E31Ca7FC2108729570bBA4c3Ff,25196.35370218819161275
0x17aC58a8093609a26D042b9C7Fe096eEa7f344c3,25196.35370218819161275
0x01c0882A77C1aE04E36D7f0d3eD11993edA79Cd1,25196.35370218819161275
0x1241d862438D6b0e0305ebcE99A3601a71490139,25196.35370218819161275
0x1381f4Fe7e9BdC777281E62eE083F5C3e8211973,25196.35370218819161275
0x70336AEb7171474d5fC036f3A364C1e86f3Fd93d,25196.35370218819161275
0x2889B631eB0C9FDc1FFEDb7b810D102f6AFEd447,25196.35370218819161275
0xD4562472acC51b6A13479373e073607E85Fda34c,25196.35370218819161275
0x67b00C168D2470D3aF176866B454A366cB406699,25196.35370218819161275
0xa8134400C90bF57E2BB5faF536B126A63006647A,25196.35370218819161275
0x998Dd08673f715CF69252Ff054FBdbFac93DbD48,25196.35370218819161275
0xF8Aa39723d7553B6F1c58B192b7f8b331A73d202,25196.35370218819161275
0x0Da246cFABfdE6D1f43A06a64460eBEce691E6e8,25196.35370218819161275
0xFBB7aC3B3977fD0b0bD9C2de90DbcC25e4B9BaAe,25196.35370218819161275
0x32EE12d79e47F11f2F2614a8f5DC00B9323ea00d,25196.35370218819161275
0x9dA77DB9e189C256653692477D211c7EC6daC4AE,25196.35370218819161275
0x623E3efD4EfED458d4FfF5839B12445ff7407a98,25196.35370218819161275
0xE1609eac5b2182C03B2C6f567e79A2687A7b12e9,25196.35370218819161275
0xc0788fd994C5517DF5C69fE62f7aAF992B489952,25196.35370218819161275
0xD7Fb0fD655187FcCb40796c5492f87e26732D804,25196.35370218819161275
0xCf74C1ACcf9309B05E7FCE4Dc526e8e986f6d781,25196.35370218819161275
0xdA8649783fB5E83963f7f513D83E7B56056bD13a,25196.35370218819161275
0x75F252D21C956E1325a290B9C7cCd369f845D93E,25196.35370218819161275
0xb6b40A2ebd008eCEa55093578bF07CF18Be51796,25196.35370218819161275
0x5153CB0137C57Ea5f6BEdFC9b96afCB60142Fbf8,25196.35370218819161275
0xa979CCE0839a149480Aae674D1aE9E70316E5451,25196.35370218819161275
0x241D110582009f4Cf8ADd86DD54De5448A7F8D0A,25196.35370218819161275
0x6313fE1a745CC7bA211a520B43b5daf238AfC517,25196.35370218819161275
0x1fF840a64419c76d5d029dF66FfDE9a1C5d26fcC,25196.35370218819161275
0x729Fb117f98B6A2DCd6c76f26FB0C33f2505bd08,25196.35370218819161275
0x2d142450E9fC62EB84969EB3545BDC1b02335665,25196.35370218819161275
0x8e820192611A1e35B8DCa9AA56394c81A8acFd56,25196.35370218819161275
0x6BF361fa1AfDfeEF224a01b30Bcccb7E4Ab1d18D,25196.35370218819161275
0x6EF481769D70570eF3394e0a055E26662DCccc27,25196.35370218819161275
0x9c91Ffdf1921bEB9924760816E5BaF2daFAD384d,25196.35370218819161275
0xd1938661Af774031D700c8128DdBEEf095cB9be5,25196.35370218819161275
0x9F09646d0cdAB9a8fFe4aE6372722f47fFdCd039,25196.35370218819161275
0xE504E309Ab6b86e0C118e22dF9bD67171fDf8A0a,25196.35370218819161275
0x3315bB14923009Bc71dD4becf734591B0c32FE58,25196.35370218819161275
0x6d6cAD75A97D159E8FeafC73b10F16ea1e5FF258,25196.35370218819161275
0x10F83Ad2Cd618e77e9Fc71C2D26720Ef41521948,25196.35370218819161275
0xAD887550bb145221a8d8D5236ecd37FD0d230E17,25196.35370218819161275
0xba3A4b66c19bBc96ce1351350543B2abC8AC2A46,25196.35370218819161275
0xd2E813930FE864126F07FC2607277cD8F33631Fe,25196.35370218819161275
0xA8b02Abd718ef17cb1f6B9Bdafc7aD3815cA7217,25196.35370218819161275
0x6398C3b8c6FBB4eFB20877238B3A67f1D4f5555A,25196.35370218819161275
0x2CC1E1e48a6D15cF816Ab0DFb5ACcb69b6a0eC57,25196.35370218819161275
0x81D21E0f6D1DB318528414070Fc6370e102E9E8c,25196.35370218819161275
0xDdD25249EF9b08DEcB63D46032b9D0C07e133A41,25196.35370218819161275
0x1Fcb4AeED285dEd9E5c9e16Cc240925A41A7C9d2,25196.35370218819161275
0x1ab5a69e7DBbE189bA0226f8009a91eB26D1afdA,25196.35370218819161275
0xEdF3c7906e85477517Cc5Fd3848CA412A83010Ee,25196.35370218819161275
0x3E458Ef3A4a75a73dd5eA07C15b94DeAfB170AeD,25196.35370218819161275
0x5d19C15D7751c01b286FC77111B1eC016eb3b22e,25196.35370218819161275
0x17EaEFd0Ee5110b2fD4E8278c96ED507417d92d5,25196.35370218819161275
0x97304Bb67323A40f80B10f5139f1B43cc5A13770,25196.35370218819161275
0x9Da14bBBe5CF0CA01Ea46462482498eF18e98240,25196.35370218819161275
0x6ccB5324c0165F57334bC7be8118A99d26C7e437,25196.35370218819161275
0xa60Bff6b247124C31497afE4f8E89b3DdcC5C178,25196.35370218819161275
0x965cc082156bcc611FE6F8a7767AF82A48fE7144,25196.35370218819161275
0x8769DC8AfeF06758A1207CdD28379C04B10FAdA8,25196.35370218819161275
0xc125d4686e9487A156A3e2e9AF9013c817EF9a65,25196.35370218819161275
0x469f958C8D9A99350C8D9e2265CfD6d46fC63C2e,25196.35370218819161275
0x3055Db4868D3038E0e28273b46a98e655aEF324f,25196.35370218819161275
0x2b92a2C376B964806cfd9A82174E42742363C80b,25196.35370218819161275
0x6A3fD66a804f99A6f25458dFCa39d5ff6eF4F92d,25196.35370218819161275
0xAd8eA6602E620Ee49b51E85B1eC63D52887207f6,25196.35370218819161275
0x956fF76236CF07Cd3D4fC261e80DB979fEdFAdCd,25196.35370218819161275
0x11c0412bAEfA40510A529684680bF530e1973D59,25196.35370218819161275
0x5c5049C9d08E387C0B655849dcdE3A2ca16C3763,25196.35370218819161275
0x383BdD9c96E5eb8BE4A7Ac0737c89A4ab94400F1,25196.35370218819161275
0x19fD6C716F73aF0904F2F3FcCB103a0505F4722D,25196.35370218819161275
0x420Bb5ADAd1f2597b3065A1A7b4Ca446a81fcd90,25196.35370218819161275
0x0c04c52e84692CdC4a3B4b1062a9013a5Caba756,25196.35370218819161275
0xe038Cf1959F897aDf4aB8FaFdF61cF1bAF691960,25196.35370218819161275
0x4427ba9008B74863705aB5168d7086b19aC901De,25196.35370218819161275
0x3AF4A777125f8a67026d23b5F10D325b8CdF44Fe,25196.35370218819161275
0x64F65b551B8B9674B3B290F422588ee16dE01733,25196.35370218819161275
0xC1Cd65555645a52F80E5a677886afeE23C33A4F2,25196.35370218819161275
0x170fCcD67eaF284329333Da48D907fC6299A78a4,25196.35370218819161275
0x446762aF96aE4418b968a7625CC284BE3D0FedCb,25196.35370218819161275
0x3feeAbAfe8dEb3486A87e984060b982889061443,25196.35370218819161275
0x479bC4a55288C09ad9c76B321d4Dc01e916De68E,25196.35370218819161275
0x8bf4954eb4D4f7726Fb1bc10E7b26f9BC4138a51,25196.35370218819161275
0xb5AFbc89aA1f2b3a5F6329CD7151E9DD25981328,25196.35370218819161275
0x3BEfe9e20488d1252bc2976C8C7b4Fab038fCe59,25196.35370218819161275
0x4BA80604A5A068F259277F73576663F721ED46f9,25196.35370218819161275
0xcB5B6Ad2bB2bd4a863Fb97F2279eb4a89Ba427C3,25196.35370218819161275
0xFDeAE26c0E515F067F15BA94fCd415d76aBb4b6E,25196.35370218819161275
0xA6b2B0DE6B25fE76cD3216E4A318a5c201bcBf65,25196.35370218819161275
0x48067640e634fF5931B85e29744431fA098cCbFd,25196.35370218819161275
0x16E9762506421256Ed75A9DDc3463D4C5A699206,25196.35370218819161275
0x1Fe2029cB535C244c924165706406a046beaf5b9,25196.35370218819161275
0x39C717a66C6Be92219Ee1Bc6604f04438a3E7fFc,25196.35370218819161275
0xA083f0E033e23217C7278fCc3629786FcDfEF64F,25196.35370218819161275
0x83c33fC6fAac648e55CcC02524E4b1897bC7D496,25196.35370218819161275
0xB52C028F94E2aB7738b5E736B9791256822fC629,25196.35370218819161275
0x1102aB51C9176C1FCfdE12f17E23Dd95C56632eb,25196.35370218819161275
0x284B743466Acde7792eFB728638193F10e5251E1,25196.35370218819161275
0xd14FF6d6AC1015eE38D1723a8346c21baf498270,25196.35370218819161275
0x6C4e098aD80be48aaA0DBfe49AdE7662d5f33F94,25196.35370218819161275
0xa77bC6703f976EA460b3760863d30E817FFd7099,25196.35370218819161275
0x81068Cac442E5aac47046B9586A60D395FbCC780,25196.35370218819161275
0x160F40D38cDe6D825575D18f3ec3437338BB563c,25196.35370218819161275
0x7a0983FdD382604F94843D9E879B037f9FfC0909,25196.35370218819161275
0xA8F61aDc0BeBf44f84C12EB91DfAC103660Ec799,25196.35370218819161275
0xf0066c129d725B40F18b526CD4D3eAC379DB1f06,25196.35370218819161275
0x7E0A28A8fDce88139415CA559EE370659b3824eb,25196.35370218819161275
0xee687e639a26F54254b02247a43576F22d199704,25196.35370218819161275
0xdcC5F892326E66B7151DDF04649c35c7A61A94D2,25196.35370218819161275
0x101329213E215363eA2Abb4775AE01D1649A94e0,25196.35370218819161275
0xAa29BBa57292fD75256D9194e2167f750ecd2Ca8,25196.35370218819161275
0xaBAA708b459159E0B13b0321A71Cc2Da859B7fD4,25196.35370218819161275
0x3679a97aE284f8D4c4cAfcdfbc4C79d1e3aF7CfF,25196.35370218819161275
0xC33671B4d233b2288E9bedEd65405055Ff5b5A8E,25196.35370218819161275
0x71c0055267eC0A3d371A5eADd5A583565C1b3bc9,25196.35370218819161275
0x8253840Ee58C8228d536e7Aa817aadb1D39141fb,25196.35370218819161275
0xd06a82E9cA3685192996b0eF54B7A700dC2a657c,25196.35370218819161275
0xA70597ede3C1F4d310B7894f4997e4dDDC820303,25196.35370218819161275
0xEc0a47EB2173A99c27c120fB1B034930a5f2e6F4,25196.35370218819161275
0xD3cA155238B3ca4354B0b45b4acD5eef8B31C5f3,25196.35370218819161275
0xdacD173980BbD3f6D74099054b317351fac616b6,25196.35370218819161275
0x3ee233b185285e06649F7735B97F10E725753034,25196.35370218819161275
0x40fEa5aAd23DBa47391Df60A02F48f75D3a29dCC,25196.35370218819161275
0xe5c524974081946Dc4d279adA599ffe370b7Fa0A,25196.35370218819161275
0x0E6161165d741f543C9199940905Db3DF0a93f83,25196.35370218819161275
0x96995a61603d86301c56a549a2766d719bCDDd74,25196.35370218819161275
0x7f4DEa8D3199Be1Dd7F82A97293EA4A1F6Bba37d,25196.35370218819161275
0x661CD39F2C78abbb42B91344ac1C81647C99Bc37,25196.35370218819161275
0x2036B38Cb4A7cD4355Cad70637A5f82E9365E8b9,25196.35370218819161275
0x00Ed1b36FE5D43399a4A4D19c40BC4b6F7F1A45d,25196.35370218819161275
0xaDC3cF6515eCA6403400D3e60BF681f4c0b1C1A2,25196.35370218819161275
0x057B89F4A524708ceA097e81BF8dA58F75d273E5,25196.35370218819161275
0x7f4C64ecA66cbbA54AD699e53488c3886a7Cb494,25196.35370218819161275
0xaae735575308828fff92B2e83A65F3f04D191c87,25196.35370218819161275
0x0b5348A595Cebe5aafd1eDaBC98c63Bbc51721a9,25196.35370218819161275
0xf9F9DC207d9b3a518370E1b885Fe957d9B29F878,25196.35370218819161275
0xf15a8E7Fed40aAAa4C51a1Cd0bD5B5F462FC808A,25196.35370218819161275
0xce81eb6Da649Ba17c7fA9B7285D4246764383131,25196.35370218819161275
0xa873f26287b609B35a3F60d94bF159cCbcfC91C0,25196.35370218819161275
0x2d464A321873b0f25B6E742e741C471FEAdB91e6,25196.35370218819161275
0x0AcACbA22787528274ad0c2617f11Bcc5eeAe15C,25196.35370218819161275
0x39C7266c44213CC724905F79A4076440c9EDE8f1,25196.35370218819161275
0x020810193a1c1D9361ec152431Fa553a7E1A1cA2,25196.35370218819161275
0xEDD8170CC1B82150d166dD059b6B8771B997cD4E,25196.35370218819161275
0xf817742D2BDBf2F710bCF6E7d628BB5071344E39,25196.35370218819161275
0xD5360Ae5958C62A7189625DF4a9872d100BeDdd5,25196.35370218819161275
0x617bC7080b2E716acFAC03D0d5970ED8F896E673,25196.35370218819161275
0xe8a1a9c92b1139041F51fDad51E146994BA52637,25196.35370218819161275
0x49933E97aFE2caaE2A7fA07489e46051581f4787,25196.35370218819161275
0xc373874111E95fb5C7f44534dFfbb8B734C7aeA2,25196.35370218819161275
0xa7514D517Ec3B88b153EA904e407DfDf34AB3B82,25196.35370218819161275
0x0ABd31a4833474E4405DEc3154c645Aa0E433a44,25196.35370218819161275
0x4886adbE430411D28656400ad26177f3633EB32C,25196.35370218819161275
0xD1EF26E46b5A61d883DAe9ae0E876c309D421472,25196.35370218819161275
0xF8C22aF800Aba8a58D05aA4C16Ef2F37529d17Bd,25196.35370218819161275
0xcdEe1BD66D0E9bC086C8705E3991BBfC7cef2D8f,25196.35370218819161275
0x353A3212757d245F8dDb548D4d6F5960D73727b2,25196.35370218819161275
0xa5AC9aF8CA2D7FC2Aa755e18BAD5F2BEAEd9aD8c,25196.35370218819161275
0x875C41dc45feCF100f0b352891Fe959dfD3AF51A,25196.35370218819161275
0x84Fc86987aA97A031bF6f8b94F9b10c6161Af2f0,25196.35370218819161275
0xB21584C570aBD5C8D1d2562A94e3Fd245C920A09,25196.35370218819161275
0x27Ee25b066901b98C416D32CB147BFb3AFAae022,25196.35370218819161275
0x1cB9aA40c11226be944dCC0C7CDDAA5B49bF307e,25196.35370218819161275
0x8d405ABdbF8C7E0787003d9516903A10f4E5995f,25196.35370218819161275
0x1d1Cae0D2EE93d686c0B41192EA38CdCb934c485,25196.35370218819161275
0xE391eE9765D63128F764b6192B4547e198c0F505,25196.35370218819161275
0xbb65A16AA6a9Bc9954Cf5f24979332879Cc61Da8,25196.35370218819161275
0xDdb2e12C02a12C08e21aC8Ce01f9a696c38c6d23,25196.35370218819161275
0xcbB82704895601b836e07A07aEfafE8848C33B0F,25196.35370218819161275
0xf38Bc7FEA784B8F69479bBe6Ef8888F24c227f18,25196.35370218819161275
0xFB2ddB1ccE600106aC2Ce7DAA16a80373B12A184,25196.35370218819161275
0x326b3f505e4691E612B3175f3869A014EfD97933,25196.35370218819161275
0xe64D0366B596803C0f80ED6616de20A33Cbd7e3e,25196.35370218819161275
0x284Ff966d8D4c86B42d86EF65c773D12bf008631,25196.35370218819161275
0x4Ec6f4EA60d092aEd3fa9F7F2B135d011f15E3a2,25196.35370218819161275
0x906B59361102F2B2d953ec78A7926B7d69cEeD88,25196.35370218819161275
0xA1b0A0C18931723b4268461850925A66a228C21e,25196.35370218819161275
0xDCA40433aa8090443eD1708275d5E81e82d8fD62,25196.35370218819161275
0xf9C325750E964954c3351C7614DcB1BB5Dc565bc,25196.35370218819161275
0x44f364AfB5d8375044A7e5A699d30b1223236b5f,25196.35370218819161275
0x6558A156FC06aaDeBCb6a193c7268690d047d5ED,25196.35370218819161275
0x320f39b94D83eDD0cee39591Ca1c646D95D670e8,25196.35370218819161275
0x2062a8Dc8D7ff91eEE4DA75633491F474Ad63f9C,25196.35370218819161275
0xf795795b690599164847291ca1FD4152df0f73cA,25196.35370218819161275
0xaa1E7269e1d8578b1f356643f235d6f0748eAcdB,25196.35370218819161275
0x7aa63c18aCFf0ba643e114F49Dd6D5F49Dbf36A6,25196.35370218819161275
0xaeF129B6e4B4B99F8BF9701B151d770e3C957399,25196.35370218819161275
0x86797aDe35841c3439c0bAF5f0e68066d3207024,25196.35370218819161275
0x516c2D1A1991960371994A215C18490eE43C84a3,25196.35370218819161275
